dataset,fbg,impact_id,start_time,peak_time,end_time,duration,num_samples,sampling_frequency_hz,wavelet,decomposition_level,wavelet_energy,approximation_energy,detail_energy,wavelet_entropy
expert10,FBG2,expert10-FBG2-004,3.639964,3.719963,4.899951,1.2599869999999997,64,50.002500125006556,db4,3,0.0518580948578293,0.04981942911164603,0.002038665746183267,0.28346215089877164
expert10,FBG2,expert10-FBG2-005,5.279947,6.159938,7.919921,2.6399740000000005,133,49.99999999999885,db4,3,0.02950634088761189,0.029475287216869404,3.105367074248445e-05,0.012784326731632045
expert10,FBG2,expert10-FBG2-006,8.239918,8.439915,9.499905,1.2599870000000006,64,50.00250012500545,db4,3,0.01826161219534487,0.018244770042844926,1.6842152499942123e-05,0.01152099935223842
expert10,FBG2,expert10-FBG2-007,9.759903,9.859901,10.159898,0.39999500000000054,21,50.00250012500545,db4,3,0.00465099809835842,0.004650525748549469,4.7234980895171876e-07,0.0014937288167861293
expert10,FBG2,expert10-FBG2-008,10.359896,10.559894,10.759892,0.3999959999999998,21,50.000000000001066,db4,3,0.004663802578717199,0.004663569212603243,2.3336611395602535e-07,0.0007870576802522934
expert10,FBG2,expert10-FBG2-009,10.899891,11.279887,11.479885,0.5799939999999992,30,50.000000000001066,db4,3,0.008333488571776694,0.00833106526889985,2.4233028768424234e-06,0.00394613928509728
expert10,FBG2,expert10-FBG2-010,12.299877,12.659873,12.699873,0.3999959999999998,21,50.000000000001066,db4,3,0.00437156013440945,0.004370910892509972,6.492418994777249e-07,0.002102925573538798
expert10,FBG2,expert10-FBG2-011,13.699863,14.639853,15.539844,1.8399809999999999,93,50.00250012500989,db4,3,0.022122901981804628,0.02210027033708134,2.2631644723286847e-05,0.012593919450858316
expert10,FBG2,expert10-FBG2-012,15.779842,15.97984,16.439835,0.6599929999999983,34,50.000000000001066,db4,3,0.008456447963585785,0.00845555501364134,8.929499444456008e-07,0.0016356229349248005
expert10,FBG2,expert10-FBG2-013,16.679833,16.879831,17.079829,0.3999960000000016,21,49.999999999992184,db4,3,0.004939831293820257,0.004939655268924472,1.7602489578396756e-07,0.0005779466707032904
expert10,FBG2,expert10-FBG2-014,17.379826,18.99981,20.679793,3.2999669999999988,166,50.000000000001066,db4,3,0.03423818357042488,0.03419916664356742,3.9016926857461034e-05,0.013930528307059074
expert12,FBG2,expert12-FBG2-003,2.919971,2.99997,3.279967,0.3599960000000002,19,50.00250012500545,db4,3,0.0029256980318388822,0.0029089576982251593,1.6740333613723075e-05,0.050854832683863274
expert12,FBG2,expert12-FBG2-004,3.93996,4.139958,4.339956,0.3999959999999998,21,49.99999999999996,db4,3,0.0007839457245896532,0.0007836350112770739,3.107133125793381e-07,0.0050507738474335874
expert12,FBG2,expert12-FBG2-005,5.599944,5.93994,5.99994,0.3999959999999998,21,49.99999999999885,db4,3,0.0006302107437179032,0.0006300605432283914,1.5020048951178568e-07,0.0032120840554764416
expert12,FBG2,expert12-FBG2-006,7.039929,7.239927,7.439925,0.3999959999999998,21,49.99999999999885,db4,3,0.0009585324043360559,0.0009584455457186027,8.685861745315879e-08,0.001347690287272493
expert12,FBG2,expert12-FBG2-007,7.99992,8.299917,9.739902,1.7399820000000004,88,49.99999999999885,db4,3,0.0031435590312050136,0.0031150751827272063,2.8483848477807346e-05,0.08176063202179468
expert12,FBG2,expert12-FBG2-008,10.759892,10.95989,11.159888,0.3999959999999998,21,50.000000000001066,db4,3,0.0007486468602247747,0.0007482195338518438,4.273263729309422e-07,0.006973451398334067
expert12,FBG2,expert12-FBG2-009,11.599884,11.659883,11.99988,0.3999959999999998,21,50.00250012500545,db4,3,0.0004958722764284417,0.0004949394103146196,9.328661138221327e-07,0.019744644126890965
expert13,FBG2,expert13-FBG2-004,3.219968,3.279967,3.399966,0.17999799999999988,10,49.99999999999996,db4,3,,,,
expert13,FBG2,expert13-FBG2-018,17.559824,17.659823,17.659823,0.0999990000000004,6,50.000000000001066,db4,3,,,,
expert13,FBG2,expert13-FBG2-019,18.319817,18.519814,18.719813,0.399995999999998,21,50.00250012500989,db4,3,0.03066209286162569,0.030661925480699303,1.673809263874994e-07,0.00010331301523003611
expert8,FBG2,expert8-FBG2-002,2.899971,2.939971,3.839962,0.939991,48,49.99999999999996,db4,3,0.04841168311105631,0.04658268819998208,0.0018289949110742317,0.2619476012820073
expert8,FBG2,expert8-FBG2-003,6.479935,6.899931,7.819922,1.3399869999999998,68,50.000000000001066,db4,3,0.05059506179957159,0.05058961025497411,5.45154459748208e-06,0.001736278315647375
expert8,FBG2,expert8-FBG2-004,9.079909,9.419906,9.479905,0.3999959999999998,21,50.000000000001066,db4,3,0.012541258234163114,0.012540971967347865,2.8626681524903756e-07,0.00038488388447257134
expert8,FBG2,expert8-FBG2-005,10.399896,10.599894,10.799892,0.3999959999999998,21,50.000000000001066,db4,3,0.012342311615524838,0.012341924844306214,3.8677121862338754e-07,0.0005140663610995176
expert8,FBG2,expert8-FBG2-006,13.079869,13.119869,13.479865,0.3999959999999998,21,50.000000000001066,db4,3,0.011387014817476518,0.011386580699073025,4.341184034921009e-07,0.0006146200105548174
expert8,FBG2,expert8-FBG2-007,13.679863,13.879861,14.839852,1.1599890000000013,59,49.999999999996625,db4,3,0.04289955876570489,0.04287211012501566,2.7448640689233084e-05,0.00823826394729873
expert8,FBG2,expert8-FBG2-008,15.079849,15.279847,15.479845,0.3999959999999998,21,49.999999999996625,db4,3,0.01158661386942692,0.011586004859988619,6.090094383013437e-07,0.0008230228205933741
expert8,FBG2,expert8-FBG2-009,16.319837,17.319827,17.799822,1.4799849999999992,75,50.000000000001066,db4,3,0.0477601492239897,0.047750028909870464,1.0120314119233525e-05,0.003077398373794309
expert8,FBG2,expert8-FBG2-010,18.619814,18.819812,19.279807,0.659993,34,50.00250012500989,db4,3,0.020990983309209888,0.020989080877752805,1.9024314570822239e-06,0.0014151080775376941
expert8,FBG2,expert8-FBG2-011,20.079799,20.279797,20.479795,0.399995999999998,21,50.000000000001066,db4,3,0.011703087593072195,0.011702786375093577,3.0121797861699893e-07,0.00042953157045533876
expert8,FBG2,expert8-FBG2-012,20.899791,21.579784,22.599774,1.6999829999999996,86,50.000000000001066,db4,3,0.05024096535760877,0.05021719511602357,2.3770241585195047e-05,0.006260777320548947
expert8,FBG2,expert8-FBG2-013,22.91977,23.619764,24.439756,1.5199859999999994,77,50.000000000001066,db4,3,0.04491314738506372,0.04489083284726717,2.231453779654825e-05,0.006524428986753438
expert8,FBG2,expert8-FBG2-014,25.479745,25.679743,25.879741,0.399995999999998,21,50.000000000001066,db4,3,0.010755078619482408,0.010754744689979338,3.3392950306964995e-07,0.0005097483577324043
expert8,FBG2,expert8-FBG2-015,26.299737,26.379736,26.699733,0.399995999999998,21,50.00250012500989,db4,3,0.01009050808327452,0.010089892481008195,6.156022663255284e-07,0.0009421651856193215
expert8,FBG2,expert8-FBG2-016,26.859731,27.659723,28.179718,1.3199870000000011,67,50.000000000001066,db4,3,0.03869094807353743,0.038675569077884005,1.5378995653422672e-05,0.0055649444160035645
expert8,FBG2,expert8-FBG2-017,28.579714,28.95971,28.97971,0.3999960000000016,21,50.000000000001066,db4,3,0.009698698793339929,0.009698420824375144,2.779689647858079e-07,0.00047385032099155674
expert8,FBG2,expert8-FBG2-018,29.139708,29.339707,30.219697,1.0799890000000012,55,50.000000000001066,db4,3,0.027265971500257523,0.027263198252888837,2.7732473686842644e-06,0.0015541684830288288
expert8,FBG2,expert8-FBG2-019,30.519695,30.719693,31.01969,0.49999500000000197,26,50.000000000001066,db4,3,0.010974878935186972,0.01097449142840361,3.875067833603323e-07,0.000573138335285285
expert8,FBG2,expert8-FBG2-020,31.399686,31.599684,31.799682,0.3999960000000016,21,50.000000000001066,db4,3,0.009870005283044221,0.009869600301995787,4.0498104843433473e-07,0.0006571429171520923
expert8,FBG2,expert8-FBG2-021,32.339676,32.659673,32.859671,0.5199950000000015,27,49.999999999992184,db4,3,0.01189084628931911,0.01189004242536489,8.038639542203344e-07,0.0010340096096357171
expert8,FBG2,expert8-FBG2-022,33.199668,33.199668,34.119658,0.9199899999999985,47,50.00000000000995,db4,3,0.005966039225479538,0.005964372128143393,1.6670973361450116e-06,0.003940814869633008
expert8,FBG2,expert8-FBG2-023,34.479655,34.599654,34.919651,0.4399960000000007,23,50.00000000000995,db4,3,0.0003451814311657072,0.0003448085260340256,3.7290513168164515e-07,0.012203518816388592
expert8,FBG2,expert8-FBG2-024,35.599644,35.799642,35.919641,0.31999700000000075,17,49.999999999992184,db4,3,0.00033073457159586277,0.00033034789504428515,3.8667655157760294e-07,0.01307358839713274
expert8,FBG2,expert8-FBG2-025,37.419626,37.859621,39.839601,2.419975000000001,122,50.00250012500989,db4,3,0.01929440268363624,0.019160674400962033,0.0001337282826742068,0.0639023483616017
expert9,FBG2,expert9-FBG2-004,4.039959,4.119959,6.99993,2.9599710000000004,149,49.99999999999885,db4,3,0.26278062724427165,0.25895398731399877,0.0038266399302728914,0.12660905861579297
expert9,FBG2,expert9-FBG2-005,7.159928,7.359926,7.559924,0.3999959999999998,21,49.99999999999885,db4,3,0.03479436763938607,0.034794064120954565,3.035184315039891e-07,0.0001591932631746484
expert9,FBG2,expert9-FBG2-006,8.699913,8.99991,9.099909,0.3999959999999998,21,50.000000000001066,db4,3,0.03425670803192865,0.03425653958487135,1.6844705730096737e-07,9.38025731884872e-05
expert9,FBG2,expert9-FBG2-007,9.559904,9.759902,11.879881,2.3199769999999997,117,49.999999999996625,db4,3,0.19850057032781918,0.1984851483616809,1.5421966138278077e-05,0.0012711812719613884
expert9,FBG2,expert9-FBG2-008,12.059879,14.519854,14.719852,2.659972999999999,134,50.000000000001066,db4,3,0.2162959745792991,0.2162631220493954,3.285252990370788e-05,0.0022770798168619106
expert9,FBG2,expert9-FBG2-009,15.139848,15.199847,15.699843,0.5599949999999989,29,50.000000000001066,db4,3,0.05950988424978322,0.05950844558528548,1.4386644977401261e-06,0.00042724125083348427
expert9,FBG2,expert9-FBG2-010,15.93984,18.139818,18.339816,2.3999759999999988,121,50.000000000001066,db4,3,0.2072341778228955,0.2072099725545904,2.4205268305102415e-05,0.001806387028827384
expert9,FBG2,expert9-FBG2-011,18.699813,19.399806,19.599804,0.899991,46,50.002500125001006,db4,3,0.07887454970862166,0.07887179532788804,2.754380733621748e-06,0.0005927790790662726
expert9,FBG2,expert9-FBG2-012,20.079799,21.93978,22.319777,2.239977999999997,113,50.00250012500989,db4,3,0.2015157165493204,0.20149746781398498,1.8248735335419205e-05,0.001442787984037972
expert9,FBG2,expert9-FBG2-013,22.819771,23.899761,24.099758,1.279987000000002,65,50.000000000001066,db4,3,0.14362592531850213,0.14361416167141958,1.1763647082545594e-05,0.0013145100291582568
expert9,FBG2,expert9-FBG2-014,25.219747,25.89974,26.419735,1.1999879999999976,61,50.000000000001066,db4,3,0.13163027280963446,0.1316118418428335,1.8430966800947942e-05,0.002092124993419902
expert9,FBG2,expert9-FBG2-015,27.039729,27.239727,27.439725,0.399995999999998,21,50.000000000001066,db4,3,0.03587469562735987,0.035874107014796416,5.886125634567334e-07,0.00028447204715369785
expert9,FBG2,expert9-FBG2-016,28.079719,28.459715,28.479715,0.399995999999998,21,50.00250012500989,db4,3,0.035382451046621424,0.03538233285884141,1.1818778001149274e-07,6.55842835052178e-05
expert9,FBG2,expert9-FBG2-017,28.859711,29.059709,29.9197,1.059988999999998,54,50.000000000001066,db4,3,0.09081764539989119,0.09081527146120284,2.3739386883426833e-06,0.0004552860070771319
expert9,FBG2,expert9-FBG2-018,30.599693,31.639683,31.839681,1.2399880000000003,63,49.999999999992184,db4,3,0.14191125192231185,0.14188863212236852,2.261979994333573e-05,0.0023701910062196374
expert9,FBG2,expert9-FBG2-019,31.999679,32.89967,33.219667,1.2199880000000007,62,50.00000000000995,db4,3,0.13541145204397864,0.13539066781656933,2.078422740931379e-05,0.00227527070150105
expert9,FBG2,expert9-FBG2-020,33.539664,37.359626,37.95962,4.419955999999999,222,50.00000000000995,db4,3,0.3455126379890682,0.34547098782930413,4.1650159764095355e-05,0.001859123937339906
expert9,FBG2,expert9-FBG2-021,38.639613,38.839611,39.039609,0.3999960000000016,21,49.999999999992184,db4,3,0.037178035179795635,0.03717787119451254,1.6398528309673626e-07,8.483408119538312e-05
expert9,FBG2,expert9-FBG2-022,39.559604,39.8796,40.239597,0.6799930000000032,35,50.00250012500989,db4,3,0.07317585935605796,0.07317468799387063,1.1713621873325007e-06,0.00029244642971435733
expert9,FBG2,expert9-FBG2-023,40.699592,41.499584,41.699582,0.9999899999999968,51,50.00000000000995,db4,3,0.09431380162452321,0.09431143608314058,2.365541382630677e-06,0.00044432709567013447
expert9,FBG2,expert9-FBG2-024,41.999579,42.359576,42.559574,0.5599950000000007,29,49.999999999992184,db4,3,0.06308542911820687,0.0630849217717866,5.073464202751081e-07,0.0001557486620720589
expert9,FBG2,expert9-FBG2-025,42.89957,42.95957,43.299566,0.3999960000000016,21,49.999999999992184,db4,3,0.03722401265825531,0.03722383560492298,1.7705333233857453e-07,9.096374253552116e-05
expert9,FBG2,expert9-FBG2-026,43.799561,43.999559,44.199557,0.3999960000000016,21,49.999999999992184,db4,3,0.037269048361662685,0.03726853598130811,5.123803545761787e-07,0.00024187236535030333
expert9,FBG2,expert9-FBG2-027,44.419555,44.87955,45.079548,0.659993,34,50.00000000000995,db4,3,0.0698972236210843,0.06989540039852009,1.8232225642203415e-06,0.0004529975604545913
expert9,FBG2,expert9-FBG2-028,45.519544,46.559534,46.759531,1.2399869999999993,63,50.00000000000995,db4,3,0.151267866386276,0.1512464091623878,2.1457223888220722e-05,0.002154980461009295
expert9,FBG2,expert9-FBG2-029,46.91953,47.459525,48.039519,1.1199889999999968,57,50.00000000000995,db4,3,0.14031306492641857,0.14030265931523475,1.0405611183803738e-05,0.0011672082858149627
expert9,FBG2,expert9-FBG2-030,48.319516,48.979509,49.8595,1.539983999999997,78,49.999999999992184,db4,3,0.16370743828936837,0.16369015440841406,1.7283880954327032e-05,0.0016405042905417145
expert9,FBG2,expert9-FBG2-031,50.179497,51.619483,52.519474,2.3399770000000046,118,49.999999999992184,db4,3,0.2178951952337098,0.21786999546841607,2.519976529373313e-05,0.0018044196928695853
expert9,FBG2,expert9-FBG2-032,52.739472,52.93947,54.259457,1.5199849999999984,77,49.999999999992184,db4,3,0.166077032117655,0.16606417959736147,1.2852520293524491e-05,0.001249849887025454
expert9,FBG2,expert9-FBG2-033,54.91945,55.119448,55.319446,0.3999960000000016,21,49.999999999992184,db4,3,0.03910058687211554,0.039100288775664814,2.9809645072685537e-07,0.0001406120519842728
expert9,FBG2,expert9-FBG2-034,55.519444,55.799441,56.379436,0.8599919999999983,44,49.999999999992184,db4,3,0.08757674511873521,0.08757273698141015,4.008137325071652e-06,0.0007629069093167617
expert9,FBG2,expert9-FBG2-035,56.619433,57.539424,58.199417,1.579983999999996,80,50.00000000000995,db4,3,0.1793175114377338,0.17928409774140053,3.341369633326611e-05,0.0026832417865430415
expert9,FBG2,expert9-FBG2-036,58.89941,59.099408,59.539403,0.6399929999999969,33,50.00000000000995,db4,3,0.07217517834694448,0.07217381521697355,1.363129970932187e-06,0.0003414818447499558
expert9,FBG2,expert9-FBG2-037,59.759402,60.89939,61.639382,1.8799799999999962,95,50.00250012500989,db4,3,0.20331475330862195,0.2032952541172778,1.9499191344148382e-05,0.0015151133586645059
expert9,FBG2,expert9-FBG2-038,61.93938,62.039379,62.339375,0.399994999999997,21,50.00250012500989,db4,3,0.039426468833014774,0.03942630740038707,1.614326277017614e-07,7.919040939991324e-05
expert9,FBG2,expert9-FBG2-039,63.199367,64.379355,65.159347,1.9599799999999945,99,50.00000000000995,db4,3,0.20196600866877334,0.20194145438310565,2.455428566768204e-05,0.0018635613089875622
expert9,FBG2,expert9-FBG2-040,66.359335,66.559333,66.759331,0.3999960000000016,21,50.00000000000995,db4,3,0.040711249156578665,0.04071109563524899,1.535213296763942e-07,7.338072210486944e-05
expert9,FBG2,expert9-FBG2-041,67.339325,68.219317,68.279317,0.9399920000000037,48,50.00000000000995,db4,3,0.09746826343941412,0.09746653799334168,1.7254460724343753e-06,0.000322017902930692
expert9,FBG2,expert9-FBG2-042,69.399305,69.8993,70.099298,0.6999930000000063,36,50.00000000000995,db4,3,0.08134403456485108,0.08133953707955016,4.497485300910906e-06,0.0008885089084754101
expert9,FBG2,expert9-FBG2-043,70.579293,71.779281,72.339275,1.7599819999999937,89,50.00000000000995,db4,3,0.19293236795723606,0.19292014201302288,1.22259442131838e-05,0.0010547383615596966
expert9,FBG2,expert9-FBG2-044,72.83927,73.039268,75.019249,2.179979000000003,110,50.00000000000995,db4,3,0.21632934146481336,0.21629609983562903,3.3241629184325384e-05,0.002303419235913934
expert9,FBG2,expert9-FBG2-045,75.319246,75.519243,75.85924,0.539993999999993,28,50.00250012500989,db4,3,0.06900012109107738,0.06899834105513833,1.7800359390454776e-06,0.0004510084065969584
expert9,FBG2,expert9-FBG2-046,77.379225,78.739211,81.299186,3.9199610000000007,197,50.00000000000995,db4,3,0.35239541317501866,0.3523484093642893,4.7003810729388026e-05,0.0020366207355530137
expert9,FBG2,expert9-FBG2-047,81.81918,82.019179,82.519174,0.6999940000000038,36,50.00000000000995,db4,3,0.08255776245756358,0.0825567409391729,1.021518390685696e-06,0.0002316601057440214
expert9,FBG2,expert9-FBG2-048,82.83917,83.039168,83.679162,0.8399920000000094,43,49.99999999997442,db4,3,0.09226943440539834,0.09226665305415674,2.7813512416044552e-06,0.0005258931013914725
expert9,FBG2,expert9-FBG2-049,84.239156,84.439154,84.639152,0.3999960000000016,21,49.99999999997442,db4,3,0.04144593107941983,0.0414455592333759,3.71846043927324e-07,0.00016336682957117493
expert9,FBG2,expert9-FBG2-050,84.87915,85.539143,85.739141,0.8599910000000079,44,49.99999999997442,db4,3,0.0935319665090729,0.09353010589680152,1.8606122713846107e-06,0.0003558149293176235
expert9,FBG2,expert9-FBG2-051,85.999139,86.679132,87.299126,1.2999870000000016,66,50.00250012500989,db4,3,0.16269283793804096,0.16266228286926018,3.055506878076377e-05,0.0027461941989176753
expert9,FBG2,expert9-FBG2-052,87.499124,88.339115,88.91911,1.4199860000000086,72,50.00250012500989,db4,3,0.17563243674827697,0.17562122851036455,1.1208237912434423e-05,0.0010432515014543494
expert9,FBG2,expert9-FBG2-053,89.399105,89.599102,90.219096,0.8199909999999875,42,50.00250012500989,db4,3,0.09053113155893631,0.09053004002739212,1.0915315441967062e-06,0.00022626620985795066
expert9,FBG2,expert9-FBG2-054,90.639092,90.959089,91.159087,0.5199949999999944,27,50.00000000000995,db4,3,0.051368181276132525,0.05136784695379046,3.343223420697688e-07,0.00012152377725182083
expert9,FBG2,expert9-FBG2-055,91.399085,91.719081,91.799081,0.3999960000000016,21,50.00250012500989,db4,3,0.0416524303613848,0.04165214452228305,2.858391017464173e-07,0.00012761149737541459
expert9,FBG2,expert9-FBG2-056,92.059078,92.959069,93.159067,1.0999889999999937,56,50.00000000000995,db4,3,0.1566747062598118,0.156663933640506,1.0772619305815494e-05,0.001127799715979794
expert9,FBG2,expert9-FBG2-057,93.639062,94.259056,94.459054,0.8199919999999992,42,49.99999999997442,db4,3,0.0896934846297239,0.08969195872906137,1.525900662528384e-06,0.0003109046614818166
expert9,FBG2,expert9-FBG2-058,94.679052,94.979049,95.079048,0.3999960000000016,21,50.00000000000995,db4,3,0.04091815007716023,0.04091697293866282,1.177138497411377e-06,0.0004754750849622683
expert9,FBG2,expert9-FBG2-059,95.219046,95.419044,95.719041,0.4999949999999984,26,50.00000000000995,db4,3,0.04678735880258153,0.046787100043414756,2.587591667730031e-07,0.00010456495896851581
expert9,FBG2,expert9-FBG2-060,96.339035,96.539033,96.739031,0.3999960000000016,21,49.99999999997442,db4,3,0.04319508298571851,0.04319445332046112,6.296652573903214e-07,0.0002552272339663363
expert9,FBG2,expert9-FBG2-061,96.899029,96.999028,98.959009,2.059979999999996,104,50.00000000000995,db4,3,0.23023629897029135,0.23021058053341903,2.5718436872311588e-05,0.0017330264350084023
expert9,FBG2,expert9-FBG2-062,99.279006,99.479004,99.839,0.5599940000000032,29,49.99999999997442,db4,3,0.07245372454006141,0.07245157728652657,2.147253534840116e-06,0.0005181659062713437
expert9,FBG2,expert9-FBG2-063,100.138997,101.618982,103.958959,3.8199619999999896,192,50.00000000000995,db4,3,0.36367153294403554,0.3636332236567772,3.830928725834577e-05,0.0016367504687172696
expert9,FBG2,expert9-FBG2-064,104.338955,105.258946,105.458944,1.119989000000004,57,50.00000000000995,db4,3,0.15661216015017673,0.15659670720327465,1.5452946902083192e-05,0.0015334706549085062
expert9,FBG2,expert9-FBG2-065,105.91894,106.938929,107.738921,1.8199809999999985,92,50.00250012500989,db4,3,0.2070863619214654,0.2070637288908083,2.2633030657103343e-05,0.0017119361040342385
expert9,FBG2,expert9-FBG2-066,108.218916,108.558913,108.758911,0.5399950000000047,28,49.99999999997442,db4,3,0.07173758494387077,0.0717347904460239,2.7944978468581906e-06,0.0006571277227766698
expert9,FBG2,expert9-FBG2-067,108.958909,108.978909,109.358905,0.39999599999998736,21,50.00000000000995,db4,3,0.042609609784261156,0.04260927570265566,3.34081605498617e-07,0.00014429155216346068
expert9,FBG2,expert9-FBG2-068,109.638902,109.8389,110.478894,0.8399919999999952,43,50.00000000000995,db4,3,0.09937636853283723,0.09937266020817852,3.708324658707094e-06,0.0006241763672971876
