event_id,dataset,channel,start_index,peak_index,end_index,start_time,peak_time,end_time,peak_value,duration,detection_methods,method_count,evidence_score,accepted,rejection_reason
expert10-FBG2-001,expert10,FBG2,14,14,15,0.299997,0.299997,0.319997,-0.0011101289041693739,0.019999999999999962,peak,1,0.3,False,duration_below_min_samples (2 < 3)
expert10-FBG2-002,expert10,FBG2,54,54,54,1.099989,1.099989,1.099989,0.0009991251751251626,0.0,peak,1,0.3,False,duration_below_min_samples (1 < 3)
expert10-FBG2-003,expert10,FBG2,114,115,116,2.299977,2.319977,2.339977,-0.0014481009321180983,0.040000000000000036,peak,1,0.3,False,low_amplitude (dev_std=2.66 < 5.0)
expert10-FBG2-004,expert10,FBG2,181,185,244,3.639964,3.719963,4.899951,-0.03613784452178458,1.2599869999999997,peak,1,0.3,True,
expert10-FBG2-005,expert10,FBG2,263,307,395,5.279947,6.159938,7.919921,-0.014649732633695501,2.6399740000000005,peak,1,0.3,True,
expert10-FBG2-006,expert10,FBG2,411,421,474,8.239918,8.439915,9.499905,-0.014305793239849065,1.2599870000000006,peak,1,0.3,True,
expert10-FBG2-007,expert10,FBG2,487,492,507,9.759903,9.859901,10.159898,-0.013387331701355303,0.39999500000000054,peak,1,0.3,True,
expert10-FBG2-008,expert10,FBG2,517,527,537,10.359896,10.559894,10.759892,-0.013515839859902594,0.3999959999999998,peak,1,0.3,True,
expert10-FBG2-009,expert10,FBG2,544,563,573,10.899891,11.279887,11.479885,-0.01499576992977764,0.5799939999999992,peak,1,0.3,True,
expert10-FBG2-010,expert10,FBG2,614,632,634,12.299877,12.659873,12.699873,-0.012974930769006056,0.3999959999999998,peak,1,0.3,True,
expert10-FBG2-011,expert10,FBG2,684,731,776,13.699863,14.639853,15.539844,-0.014209126573127534,1.8399809999999999,peak,1,0.3,True,
expert10-FBG2-012,expert10,FBG2,788,798,821,15.779842,15.97984,16.439835,-0.013766306060289226,0.6599929999999983,peak,1,0.3,True,
expert10-FBG2-013,expert10,FBG2,833,843,853,16.679833,16.879831,17.079829,-0.014570292074345266,0.3999960000000016,peak,1,0.3,True,
expert10-FBG2-014,expert10,FBG2,868,949,1033,17.379826,18.99981,20.679793,-0.014339779253836196,3.2999669999999988,peak,1,0.3,True,
expert10-FBG2-015,expert10,FBG2,1077,1087,1087,21.559784,21.759782,21.759782,-0.019655560139555394,0.1999980000000008,peak,1,0.3,False,"no_confirmed_recovery (end_index=1087, signal_length=1088)"
expert12-FBG2-001,expert12,FBG2,48,48,49,0.97999,0.97999,0.99999,-0.0014714860140340657,0.020000000000000018,peak,1,0.3,False,duration_below_min_samples (2 < 3)
expert12-FBG2-002,expert12,FBG2,107,108,110,2.159978,2.179978,2.219978,-0.0018878496504340636,0.05999999999999961,peak,1,0.3,False,low_amplitude (dev_std=2.91 < 5.0)
expert12-FBG2-003,expert12,FBG2,145,149,163,2.919971,2.99997,3.279967,0.018436182983659625,0.3599960000000002,peak,1,0.3,True,
expert12-FBG2-004,expert12,FBG2,196,206,216,3.93996,4.139958,4.339956,0.005965064102538927,0.3999959999999998,peak,1,0.3,True,
expert12-FBG2-005,expert12,FBG2,279,296,299,5.599944,5.93994,5.99994,0.0055612412586035385,0.3999959999999998,peak,1,0.3,True,
expert12-FBG2-006,expert12,FBG2,351,361,371,7.039929,7.239927,7.439925,0.006543665501064941,0.3999959999999998,peak,1,0.3,True,
expert12-FBG2-007,expert12,FBG2,399,414,486,7.99992,8.299917,9.739902,0.006227581584978216,1.7399820000000004,peak,1,0.3,True,
expert12-FBG2-008,expert12,FBG2,537,547,557,10.759892,10.95989,11.159888,0.006206252913618064,0.3999959999999998,peak,1,0.3,True,
expert12-FBG2-009,expert12,FBG2,579,582,599,11.599884,11.659883,11.99988,0.004928513985909162,0.3999959999999998,peak,1,0.3,True,
expert13-FBG2-001,expert13,FBG2,0,0,1,0.02,0.02,0.04,0.0019155125874435318,0.02,peak,1,0.3,False,duration_below_min_samples (2 < 3)
expert13-FBG2-002,expert13,FBG2,71,71,72,1.439986,1.439986,1.459986,-0.0015036249416036569,0.020000000000000018,peak,1,0.3,False,duration_below_min_samples (2 < 3)
expert13-FBG2-003,expert13,FBG2,112,112,112,2.259978,2.259978,2.259978,-0.0012053965033639001,0.0,peak,1,0.3,False,duration_below_min_samples (1 < 3)
expert13-FBG2-004,expert13,FBG2,160,163,169,3.219968,3.279967,3.399966,0.005246328438316777,0.17999799999999988,peak,1,0.3,True,
expert13-FBG2-005,expert13,FBG2,200,202,206,4.01996,4.05996,4.139959,0.0021988925409576277,0.11999899999999997,peak,1,0.3,False,low_amplitude (dev_std=3.21 < 5.0)
expert13-FBG2-006,expert13,FBG2,237,237,237,4.759953,4.759953,4.759953,0.001262598834629545,0.0,peak,1,0.3,False,duration_below_min_samples (1 < 3)
expert13-FBG2-007,expert13,FBG2,288,288,292,5.779942,5.779942,5.859941,0.001786351748374532,0.07999899999999993,peak,1,0.3,False,low_amplitude (dev_std=2.61 < 5.0)
expert13-FBG2-008,expert13,FBG2,335,336,337,6.719933,6.739933,6.759933,0.0016571209791536238,0.040000000000000036,peak,1,0.3,False,low_amplitude (dev_std=2.42 < 5.0)
expert13-FBG2-009,expert13,FBG2,377,378,380,7.559924,7.579924,7.619924,0.0014983797203811907,0.0600000000000005,peak,1,0.3,False,low_amplitude (dev_std=2.19 < 5.0)
expert13-FBG2-010,expert13,FBG2,404,404,405,8.099919,8.099919,8.119919,0.0014117363637785047,0.019999999999999574,peak,1,0.3,False,duration_below_min_samples (2 < 3)
expert13-FBG2-011,expert13,FBG2,477,477,477,9.559905,9.559905,9.559905,0.0012656058276665767,0.0,peak,1,0.3,False,duration_below_min_samples (1 < 3)
expert13-FBG2-012,expert13,FBG2,547,548,549,10.95989,10.97989,10.99989,0.001512109324161992,0.040000000000000924,peak,1,0.3,False,low_amplitude (dev_std=2.21 < 5.0)
expert13-FBG2-013,expert13,FBG2,588,588,589,11.779882,11.779882,11.799882,-0.0014655596735359128,0.019999999999999574,peak,1,0.3,False,duration_below_min_samples (2 < 3)
expert13-FBG2-014,expert13,FBG2,638,638,639,12.779872,12.779872,12.799872,0.0013789857810507186,0.02000000000000135,peak,1,0.3,False,duration_below_min_samples (2 < 3)
expert13-FBG2-015,expert13,FBG2,670,670,670,13.419866,13.419866,13.419866,-0.0011032752912556554,0.0,peak,1,0.3,False,duration_below_min_samples (1 < 3)
expert13-FBG2-016,expert13,FBG2,738,738,738,14.779852,14.779852,14.779852,0.0011420160840491314,0.0,peak,1,0.3,False,duration_below_min_samples (1 < 3)
expert13-FBG2-017,expert13,FBG2,793,793,793,15.879841,15.879841,15.879841,-0.0013006645686325907,0.0,peak,1,0.3,False,duration_below_min_samples (1 < 3)
expert13-FBG2-018,expert13,FBG2,877,882,882,17.559824,17.659823,17.659823,-0.011027144755157205,0.0999990000000004,peak,1,0.3,True,
expert13-FBG2-019,expert13,FBG2,915,925,935,18.319817,18.519814,18.719813,-0.03627106083899579,0.399995999999998,peak,1,0.3,True,
expert13-FBG2-020,expert13,FBG2,959,959,1019,19.199808,19.199808,20.399796,-0.030396725174677112,1.1999879999999976,peak,1,0.3,False,"no_confirmed_recovery (end_index=1019, signal_length=1024)"
expert7-FBG2-001,expert7,FBG2,29,30,32,0.599994,0.619994,0.659993,0.0020391412586405165,0.059999000000000025,peak,1,0.3,False,low_amplitude (dev_std=3.58 < 5.0)
expert7-FBG2-002,expert7,FBG2,145,146,149,2.919971,2.93997,2.99997,-0.001615287645758559,0.07999899999999993,peak,1,0.3,False,low_amplitude (dev_std=2.87 < 5.0)
expert7-FBG2-003,expert7,FBG2,204,205,207,4.099959,4.119959,4.159958,-0.0017060335665599834,0.05999899999999947,peak,1,0.3,False,low_amplitude (dev_std=3.03 < 5.0)
expert7-FBG2-004,expert7,FBG2,279,280,287,5.599944,5.619944,5.759942,-0.0019458470863468022,0.15999799999999986,peak,1,0.3,False,low_amplitude (dev_std=3.45 < 5.0)
expert7-FBG2-005,expert7,FBG2,374,374,375,7.499925,7.499925,7.519925,-0.001126686247140999,0.019999999999999574,peak,1,0.3,False,duration_below_min_samples (2 < 3)
expert7-FBG2-006,expert7,FBG2,463,465,470,9.279907,9.319907,9.419906,-0.00215640652690093,0.13999899999999954,peak,1,0.3,False,low_amplitude (dev_std=3.82 < 5.0)
expert7-FBG2-007,expert7,FBG2,517,520,522,10.359896,10.419896,10.459895,-0.0023889706295186454,0.09999899999999862,peak,1,0.3,False,low_amplitude (dev_std=4.23 < 5.0)
expert7-FBG2-008,expert7,FBG2,549,552,555,10.99989,11.059889,11.119889,-0.0018646116551055266,0.11999899999999997,peak,1,0.3,False,"no_confirmed_recovery (end_index=555, signal_length=560)"
expert8-FBG2-001,expert8,FBG2,94,94,97,1.899981,1.899981,1.95998,-0.001786629603849672,0.059999000000000136,peak,1,0.3,False,low_amplitude (dev_std=2.77 < 5.0)
expert8-FBG2-002,expert8,FBG2,144,146,191,2.899971,2.939971,3.839962,0.05284682027963862,0.939991,peak,1,0.3,True,
expert8-FBG2-003,expert8,FBG2,323,344,390,6.479935,6.899931,7.819922,0.022331971794694663,1.3399869999999998,peak,1,0.3,True,
expert8-FBG2-004,expert8,FBG2,453,470,473,9.079909,9.419906,9.479905,0.022117496270227983,0.3999959999999998,peak,1,0.3,True,
expert8-FBG2-005,expert8,FBG2,519,529,539,10.399896,10.599894,10.799892,0.02214570139845889,0.3999959999999998,peak,1,0.3,True,
expert8-FBG2-006,expert8,FBG2,653,655,673,13.079869,13.119869,13.479865,0.020836866899630636,0.3999959999999998,peak,1,0.3,True,
expert8-FBG2-007,expert8,FBG2,683,693,741,13.679863,13.879861,14.839852,0.02182409300684627,1.1599890000000013,peak,1,0.3,True,
expert8-FBG2-008,expert8,FBG2,753,763,773,15.079849,15.279847,15.479845,0.021610340093117332,0.3999959999999998,peak,1,0.3,True,
expert8-FBG2-009,expert8,FBG2,815,865,889,16.319837,17.319827,17.799822,0.021204116316871344,1.4799849999999992,peak,1,0.3,True,
expert8-FBG2-010,expert8,FBG2,930,940,963,18.619814,18.819812,19.279807,0.021111365734109537,0.659993,peak,1,0.3,True,
expert8-FBG2-011,expert8,FBG2,1003,1013,1023,20.079799,20.279797,20.479795,0.021457169929943266,0.399995999999998,peak,1,0.3,True,
expert8-FBG2-012,expert8,FBG2,1044,1078,1129,20.899791,21.579784,22.599774,0.020915281818081312,1.6999829999999996,peak,1,0.3,True,
expert8-FBG2-013,expert8,FBG2,1145,1180,1221,22.91977,23.619764,24.439756,0.02110129580401998,1.5199859999999994,peak,1,0.3,True,
expert8-FBG2-014,expert8,FBG2,1273,1283,1293,25.479745,25.679743,25.879741,0.020327006759805887,0.399995999999998,peak,1,0.3,True,
expert8-FBG2-015,expert8,FBG2,1314,1318,1334,26.299737,26.379736,26.699733,0.020017566200336206,0.399995999999998,peak,1,0.3,True,
expert8-FBG2-016,expert8,FBG2,1342,1382,1408,26.859731,27.659723,28.179718,0.01994243799523338,1.3199870000000011,peak,1,0.3,True,
expert8-FBG2-017,expert8,FBG2,1428,1447,1448,28.579714,28.95971,28.97971,0.019318288811039783,0.3999960000000016,peak,1,0.3,True,
expert8-FBG2-018,expert8,FBG2,1456,1466,1510,29.139708,29.339707,30.219697,0.020330899533706325,1.0799890000000012,peak,1,0.3,True,
expert8-FBG2-019,expert8,FBG2,1525,1535,1550,30.519695,30.719693,31.01969,0.019660363403085482,0.49999500000000197,peak,1,0.3,True,
expert8-FBG2-020,expert8,FBG2,1569,1579,1589,31.399686,31.599684,31.799682,0.019737939160703884,0.3999960000000016,peak,1,0.3,True,
expert8-FBG2-021,expert8,FBG2,1616,1632,1642,32.339676,32.659673,32.859671,0.019989291142057275,0.5199950000000015,peak,1,0.3,True,
expert8-FBG2-022,expert8,FBG2,1659,1659,1705,33.199668,33.199668,34.119658,0.01218080629355843,0.9199899999999985,peak,1,0.3,True,
expert8-FBG2-023,expert8,FBG2,1723,1729,1745,34.479655,34.599654,34.919651,-0.004936746153931277,0.4399960000000007,peak,1,0.3,True,
expert8-FBG2-024,expert8,FBG2,1779,1789,1795,35.599644,35.799642,35.919641,-0.005269753146940222,0.31999700000000075,peak,1,0.3,True,
expert8-FBG2-025,expert8,FBG2,1870,1892,1991,37.419626,37.859621,39.839601,0.02137008368289298,2.419975000000001,peak,1,0.3,True,
expert8-FBG2-026,expert8,FBG2,2013,2015,2015,40.279597,40.319597,40.319597,0.003269197902023938,0.03999999999999915,peak,1,0.3,False,"no_confirmed_recovery (end_index=2015, signal_length=2016)"
expert9-FBG2-001,expert9,FBG2,18,18,19,0.379996,0.379996,0.399996,-0.0012594391608558141,0.020000000000000018,peak,1,0.3,False,duration_below_min_samples (2 < 3)
expert9-FBG2-002,expert9,FBG2,128,131,132,2.579974,2.639973,2.659973,0.001353474592052158,0.07999899999999993,peak,1,0.3,False,low_amplitude (dev_std=2.37 < 5.0)
expert9-FBG2-003,expert9,FBG2,158,158,158,3.179968,3.179968,3.179968,-0.0010227491841793524,0.0,peak,1,0.3,False,duration_below_min_samples (1 < 3)
expert9-FBG2-004,expert9,FBG2,201,205,349,4.039959,4.119959,6.99993,-0.05383561631708306,2.9599710000000004,peak,1,0.3,True,
expert9-FBG2-005,expert9,FBG2,357,367,377,7.159928,7.359926,7.559924,-0.03645326200472492,0.3999959999999998,peak,1,0.3,True,
expert9-FBG2-006,expert9,FBG2,434,449,454,8.699913,8.99991,9.099909,-0.03576193333334231,0.3999959999999998,peak,1,0.3,True,
expert9-FBG2-007,expert9,FBG2,477,487,593,9.559904,9.759902,11.879881,-0.03646274918416642,2.3199769999999997,peak,1,0.3,True,
expert9-FBG2-008,expert9,FBG2,602,725,735,12.059879,14.519854,14.719852,-0.03658132727270588,2.659972999999999,peak,1,0.3,True,
expert9-FBG2-009,expert9,FBG2,756,759,784,15.139848,15.199847,15.699843,-0.03596734125873354,0.5599949999999989,peak,1,0.3,True,
expert9-FBG2-010,expert9,FBG2,796,906,916,15.93984,18.139818,18.339816,-0.036849462470896585,2.3999759999999988,peak,1,0.3,True,
expert9-FBG2-011,expert9,FBG2,934,969,979,18.699813,19.399806,19.599804,-0.036368273659748686,0.899991,peak,1,0.3,True,
expert9-FBG2-012,expert9,FBG2,1003,1096,1115,20.079799,21.93978,22.319777,-0.03657170023310369,2.239977999999997,peak,1,0.3,True,
expert9-FBG2-013,expert9,FBG2,1140,1194,1204,22.819771,23.899761,24.099758,-0.037433984615385635,1.279987000000002,peak,1,0.3,True,
expert9-FBG2-014,expert9,FBG2,1260,1294,1320,25.219747,25.89974,26.419735,-0.03651256270393685,1.1999879999999976,peak,1,0.3,True,
expert9-FBG2-015,expert9,FBG2,1351,1361,1371,27.039729,27.239727,27.439725,-0.03729580279718805,0.399995999999998,peak,1,0.3,True,
expert9-FBG2-016,expert9,FBG2,1403,1422,1423,28.079719,28.459715,28.479715,-0.03622731794870365,0.399995999999998,peak,1,0.3,True,
expert9-FBG2-017,expert9,FBG2,1442,1452,1495,28.859711,29.059709,29.9197,-0.036991910023296666,1.059988999999998,peak,1,0.3,True,
expert9-FBG2-018,expert9,FBG2,1529,1581,1591,30.599693,31.639683,31.839681,-0.0372890195803573,1.2399880000000003,peak,1,0.3,True,
expert9-FBG2-019,expert9,FBG2,1599,1644,1660,31.999679,32.89967,33.219667,-0.037130791142164755,1.2199880000000007,peak,1,0.3,True,
expert9-FBG2-020,expert9,FBG2,1676,1867,1897,33.539664,37.359626,37.95962,-0.03779242284386549,4.419955999999999,peak,1,0.3,True,
expert9-FBG2-021,expert9,FBG2,1931,1941,1951,38.639613,38.839611,39.039609,-0.03730936923074408,0.3999960000000016,peak,1,0.3,True,
expert9-FBG2-022,expert9,FBG2,1977,1993,2011,39.559604,39.8796,40.239597,-0.03716368158509512,0.6799930000000032,peak,1,0.3,True,
expert9-FBG2-023,expert9,FBG2,2034,2074,2084,40.699592,41.499584,41.699582,-0.03746967226104519,0.9999899999999968,peak,1,0.3,True,
expert9-FBG2-024,expert9,FBG2,2099,2117,2127,41.999579,42.359576,42.559574,-0.03718111748250131,0.5599950000000007,peak,1,0.3,True,
expert9-FBG2-025,expert9,FBG2,2144,2147,2164,42.89957,42.95957,43.299566,-0.03698326200463391,0.3999960000000016,peak,1,0.3,True,
expert9-FBG2-026,expert9,FBG2,2189,2199,2209,43.799561,43.999559,44.199557,-0.03759223636358075,0.3999960000000016,peak,1,0.3,True,
expert9-FBG2-027,expert9,FBG2,2220,2243,2253,44.419555,44.87955,45.079548,-0.03783794731931955,0.659993,peak,1,0.3,True,
expert9-FBG2-028,expert9,FBG2,2275,2327,2337,45.519544,46.559534,46.759531,-0.03834801724939649,1.2399869999999993,peak,1,0.3,True,
expert9-FBG2-029,expert9,FBG2,2345,2372,2401,46.91953,47.459525,48.039519,-0.03815880979018654,1.1199889999999968,peak,1,0.3,True,
expert9-FBG2-030,expert9,FBG2,2415,2448,2492,48.319516,48.979509,49.8595,-0.03814920606062773,1.539983999999997,peak,1,0.3,True,
expert9-FBG2-031,expert9,FBG2,2508,2580,2625,50.179497,51.619483,52.519474,-0.03885463729604233,2.3399770000000046,peak,1,0.3,True,
expert9-FBG2-032,expert9,FBG2,2636,2646,2712,52.739472,52.93947,54.259457,-0.03872151375289341,1.5199849999999984,peak,1,0.3,True,
expert9-FBG2-033,expert9,FBG2,2745,2755,2765,54.91945,55.119448,55.319446,-0.038220021911394106,0.3999960000000016,peak,1,0.3,True,
expert9-FBG2-034,expert9,FBG2,2775,2789,2818,55.519444,55.799441,56.379436,-0.038214917016319065,0.8599919999999983,peak,1,0.3,True,
expert9-FBG2-035,expert9,FBG2,2830,2876,2909,56.619433,57.539424,58.199417,-0.03863496363633497,1.579983999999996,peak,1,0.3,True,
expert9-FBG2-036,expert9,FBG2,2944,2954,2976,58.89941,59.099408,59.539403,-0.038500837762239275,0.6399929999999969,peak,1,0.3,True,
expert9-FBG2-037,expert9,FBG2,2987,3044,3081,59.759402,60.89939,61.639382,-0.038744986946353456,1.8799799999999962,peak,1,0.3,True,
expert9-FBG2-038,expert9,FBG2,3096,3101,3116,61.93938,62.039379,62.339375,-0.03809813379953389,0.399994999999997,peak,1,0.3,True,
expert9-FBG2-039,expert9,FBG2,3159,3218,3257,63.199367,64.379355,65.159347,-0.038839299300695886,1.9599799999999945,peak,1,0.3,True,
expert9-FBG2-040,expert9,FBG2,3317,3327,3337,66.359335,66.559333,66.759331,-0.038857900699326105,0.3999960000000016,peak,1,0.3,True,
expert9-FBG2-041,expert9,FBG2,3366,3410,3413,67.339325,68.219317,68.279317,-0.03890934592076282,0.9399920000000037,peak,1,0.3,True,
expert9-FBG2-042,expert9,FBG2,3469,3494,3504,69.399305,69.8993,70.099298,-0.03927470722606559,0.6999930000000063,peak,1,0.3,True,
expert9-FBG2-043,expert9,FBG2,3528,3588,3616,70.579293,71.779281,72.339275,-0.03875393799534074,1.7599819999999937,peak,1,0.3,True,
expert9-FBG2-044,expert9,FBG2,3641,3651,3750,72.83927,73.039268,75.019249,-0.0394793459207436,2.179979000000003,peak,1,0.3,True,
expert9-FBG2-045,expert9,FBG2,3765,3775,3792,75.319246,75.519243,75.85924,-0.03922363496503588,0.539993999999993,peak,1,0.3,True,
expert9-FBG2-046,expert9,FBG2,3868,3936,4064,77.379225,78.739211,81.299186,-0.03977302890446316,3.9199610000000007,peak,1,0.3,True,
expert9-FBG2-047,expert9,FBG2,4090,4100,4125,81.81918,82.019179,82.519174,-0.03934445081593467,0.6999940000000038,peak,1,0.3,True,
expert9-FBG2-048,expert9,FBG2,4141,4151,4183,82.83917,83.039168,83.679162,-0.039282982284416214,0.8399920000000094,peak,1,0.3,True,
expert9-FBG2-049,expert9,FBG2,4211,4221,4231,84.239156,84.439154,84.639152,-0.0394635650350227,0.3999960000000016,peak,1,0.3,True,
expert9-FBG2-050,expert9,FBG2,4243,4276,4286,84.87915,85.539143,85.739141,-0.03969734125876679,0.8599910000000079,peak,1,0.3,True,
expert9-FBG2-051,expert9,FBG2,4299,4333,4364,85.999139,86.679132,87.299126,-0.039897411188874854,1.2999870000000016,peak,1,0.3,True,
expert9-FBG2-052,expert9,FBG2,4374,4416,4445,87.499124,88.339115,88.91911,-0.03977433426571328,1.4199860000000086,peak,1,0.3,True,
expert9-FBG2-053,expert9,FBG2,4469,4479,4510,89.399105,89.599102,90.219096,-0.03989608251753417,0.8199909999999875,peak,1,0.3,True,
expert9-FBG2-054,expert9,FBG2,4531,4547,4557,90.639092,90.959089,91.159087,-0.03999610582761129,0.5199949999999944,peak,1,0.3,True,
expert9-FBG2-055,expert9,FBG2,4569,4585,4589,91.399085,91.719081,91.799081,-0.039271420512763854,0.3999960000000016,peak,1,0.3,True,
expert9-FBG2-056,expert9,FBG2,4602,4647,4657,92.059078,92.959069,93.159067,-0.03983214312350763,1.0999889999999937,peak,1,0.3,True,
expert9-FBG2-057,expert9,FBG2,4681,4712,4722,93.639062,94.259056,94.459054,-0.04006498694634128,0.8199919999999992,peak,1,0.3,True,
expert9-FBG2-058,expert9,FBG2,4733,4748,4753,94.679052,94.979049,95.079048,-0.039294287645714764,0.3999960000000016,peak,1,0.3,True,
expert9-FBG2-059,expert9,FBG2,4760,4770,4785,95.219046,95.419044,95.719041,-0.03946745780892631,0.4999949999999984,peak,1,0.3,True,
expert9-FBG2-060,expert9,FBG2,4816,4826,4836,96.339035,96.539033,96.739031,-0.04008666526807459,0.3999960000000016,peak,1,0.3,True,
expert9-FBG2-061,expert9,FBG2,4844,4849,4947,96.899029,96.999028,98.959009,-0.03997666526810056,2.059979999999996,peak,1,0.3,True,
expert9-FBG2-062,expert9,FBG2,4963,4973,4991,99.279006,99.479004,99.839,-0.04039680512816495,0.5599940000000032,peak,1,0.3,True,
expert9-FBG2-063,expert9,FBG2,5006,5080,5197,100.138997,101.618982,103.958959,-0.04055608251755007,3.8199619999999896,peak,1,0.3,True,
expert9-FBG2-064,expert9,FBG2,5216,5262,5272,104.338955,105.258946,105.458944,-0.04008111748249735,1.119989000000004,peak,1,0.3,True,
expert9-FBG2-065,expert9,FBG2,5295,5346,5386,105.91894,106.938929,107.738921,-0.04040121072260924,1.8199809999999985,peak,1,0.3,True,
expert9-FBG2-066,expert9,FBG2,5410,5427,5437,108.218916,108.558913,108.758911,-0.039964777156183094,0.5399950000000047,peak,1,0.3,True,
expert9-FBG2-067,expert9,FBG2,5447,5448,5467,108.958909,108.978909,109.358905,-0.039899159440492014,0.39999599999998736,peak,1,0.3,True,
expert9-FBG2-068,expert9,FBG2,5481,5491,5523,109.638902,109.8389,110.478894,-0.04121957902097839,0.8399919999999952,peak,1,0.3,True,
expert9-FBG2-069,expert9,FBG2,5538,5548,5551,110.778891,110.978889,111.038888,-0.040399882051222344,0.2599969999999985,peak,1,0.3,False,"no_confirmed_recovery (end_index=5551, signal_length=5552)"
