filter,method,impact_number,start_index,start_time,peak_index,peak_time,peak_value,recovery_index,recovery_time,end_index,end_time,duration
moving_average,peak,1,0,0.02,7,0.159998,0.0034837999996852,8,0.179998,8,0.179998,0.159998
moving_average,peak,2,35,0.719993,57,1.159988,0.0047677999996267,58,1.179988,58,1.179988,0.45999500000000004
moving_average,peak,3,96,1.939981,121,2.439976,-0.0046802000003481,122,2.459975,122,2.459975,0.5199940000000001
moving_average,peak,4,166,3.339967,176,3.539965,0.0046477999996568,177,3.559964,177,3.559964,0.21999699999999978
moving_average,peak,5,252,5.059949,316,6.339936,-0.0049502000002576,317,6.359936,317,6.359936,1.2999870000000007
moving_average,peak,6,354,7.099929,515,10.319897,0.0075617999996666,518,10.379896,518,10.379896,3.279967
moving_average,peak,7,618,12.379876,648,12.97987,-0.0062002000002848,650,13.01987,650,13.01987,0.6399939999999997
moving_average,peak,8,738,14.779852,759,15.199848,-0.0051102000003538,761,15.239847,761,15.239847,0.45999499999999927
moving_average,peak,9,783,15.679843,793,15.879841,0.0035957999996753,794,15.899841,794,15.899841,0.21999800000000036
moving_average,peak,10,871,17.439825,881,17.639823,0.0030097999996996,882,17.659823,882,17.659823,0.21999800000000036
moving_average,peak,11,900,18.019819,1021,20.439795,-0.0046482000003379,1023,20.479795,1023,20.479795,2.459976000000001
butterworth,peak,1,0,0.02,0,0.02,-0.0035886336064691,1,0.039999,1,0.039999,0.019999
butterworth,peak,2,35,0.719993,57,1.159988,0.0033240596609905,58,1.179988,58,1.179988,0.45999500000000004
butterworth,peak,3,110,2.219978,120,2.419976,-0.0030059138781785,121,2.439976,121,2.439976,0.21999800000000036
butterworth,peak,4,166,3.339967,210,4.219958,0.0038253964739185,211,4.239958,211,4.239958,0.8999909999999995
butterworth,peak,5,252,5.059949,314,6.299937,-0.0035521809042298,315,6.319937,315,6.319937,1.2599880000000008
butterworth,peak,6,355,7.119929,365,7.319927,0.0055360441359761,368,7.379926,368,7.379926,0.25999700000000026
butterworth,peak,7,399,7.99992,472,9.459905,-0.004838403475029,474,9.499905,474,9.499905,1.4999849999999997
butterworth,peak,8,505,10.119899,515,10.319897,0.0068382785409953,518,10.379896,518,10.379896,0.25999700000000026
butterworth,peak,9,536,10.739892,546,10.93989,-0.0041891189603786,548,10.97989,548,10.97989,0.23999799999999993
butterworth,peak,10,564,11.299887,590,11.819882,-0.0033232942041482,591,11.839881,591,11.839881,0.5399940000000001
butterworth,peak,11,617,12.359876,648,12.97987,-0.0058868266001274,652,13.059869,652,13.059869,0.699993000000001
butterworth,peak,12,727,14.559854,760,15.219848,-0.0046322835564176,762,15.259847,762,15.259847,0.699993000000001
butterworth,peak,13,783,15.679843,793,15.879841,0.0035869329917817,794,15.899841,794,15.899841,0.21999800000000036
butterworth,peak,14,813,16.279837,823,16.479835,-0.0029030616619143,824,16.499835,824,16.499835,0.21999800000000036
butterworth,peak,15,922,18.459815,1021,20.439795,-0.004153989072283,1025,20.519794,1025,20.519794,2.059979000000002
butterworth,threshold,1,514,10.299897,515,10.319897,0.0068382785409953,516,10.339896,518,10.379896,0.07999900000000082
butterworth,threshold,2,647,12.95987,648,12.97987,-0.0058868266001274,649,12.99987,652,13.059869,0.0999990000000004
butterworth,change_point,1,156,3.139969,159,3.199968,0.0019263267436215,159,3.199968,159,3.199968,0.05999900000000036
butterworth,change_point,2,362,7.259927,364,7.299927,0.0054005240915287,364,7.299927,368,7.379926,0.11999899999999997
butterworth,change_point,3,399,7.99992,401,8.039919,-0.0016097951838319,401,8.039919,401,8.039919,0.03999899999999901
butterworth,change_point,4,703,14.079859,705,14.119859,0.0027173675775014,705,14.119859,705,14.119859,0.03999999999999915
savitzky_golay,peak,1,0,0.02,5,0.119999,0.0036688909087906,6,0.139999,6,0.139999,0.11999900000000001
savitzky_golay,peak,2,36,0.739993,56,1.139989,0.0038993337991934,57,1.159988,57,1.159988,0.419995
savitzky_golay,peak,3,166,3.339967,176,3.539965,0.004344998134872,178,3.579964,178,3.579964,0.2399969999999998
savitzky_golay,peak,4,246,4.93995,296,5.939941,0.0040922708621813,297,5.95994,297,5.95994,1.01999
savitzky_golay,peak,5,356,7.139929,515,10.319897,0.0082214783213331,518,10.379896,518,10.379896,3.239967
savitzky_golay,peak,6,536,10.739892,546,10.93989,-0.0046465170166509,547,10.95989,547,10.95989,0.21999800000000036
savitzky_golay,peak,7,564,11.299887,649,12.99987,-0.0062209226110073,651,13.039869,651,13.039869,1.7399819999999995
savitzky_golay,peak,8,736,14.739852,760,15.219848,-0.0043033235434568,762,15.259847,762,15.259847,0.5199949999999998
savitzky_golay,peak,9,784,15.699843,794,15.899841,0.0035524340322902,795,15.919841,795,15.919841,0.21999800000000036
savitzky_golay,peak,10,813,16.279837,823,16.479835,-0.0032778923080196,824,16.499835,824,16.499835,0.21999800000000036
savitzky_golay,peak,11,922,18.459815,972,19.459805,0.0045348116546998,973,19.479805,973,19.479805,1.01999
savitzky_golay,peak,12,992,19.859801,1046,20.93979,-0.0046699669001174,1048,20.97979,1048,20.97979,1.1199890000000003
savitzky_golay,threshold,1,514,10.299897,515,10.319897,0.0082214783213331,516,10.339896,518,10.379896,0.07999900000000082
median,peak,1,0,0.02,5,0.119999,0.0059297999996488,8,0.179998,8,0.179998,0.159998
median,peak,2,51,1.03999,90,1.819982,0.0065197999997508,91,1.839982,91,1.839982,0.799992
median,peak,3,188,3.779962,197,3.95996,-0.0045602000002418,198,3.97996,198,3.97996,0.19999800000000034
median,peak,4,239,4.799953,256,5.139949,-0.0045602000002418,257,5.159948,257,5.159948,0.3599949999999996
median,peak,5,352,7.059929,373,7.479925,-0.0045602000002418,374,7.499925,374,7.499925,0.43999599999999983
median,peak,6,401,8.039919,513,10.279897,0.0086497999996026,517,10.359896,517,10.359896,2.3199770000000015
median,peak,7,535,10.719893,545,10.919891,-0.0045602000002418,546,10.93989,546,10.93989,0.21999699999999933
median,peak,8,618,12.379876,627,12.559874,0.0059297999996488,631,12.639873,631,12.639873,0.25999700000000026
median,peak,9,655,13.119869,753,15.079849,0.0059297999996488,754,15.099849,761,15.239847,2.1199779999999997
median,peak,10,814,16.299837,823,16.479835,-0.0067102000002705,826,16.539834,826,16.539834,0.2399969999999989
median,peak,11,863,17.279827,873,17.479825,-0.0045702000002165,874,17.499825,874,17.499825,0.21999800000000036
median,peak,12,962,19.259807,972,19.459805,0.0059297999996488,974,19.499805,974,19.499805,0.23999799999999993
median,peak,13,991,19.839801,999,19.9998,-0.0045702000002165,1000,20.019799,1000,20.019799,0.17999799999999766
median,peak,14,1035,20.719792,1044,20.899791,-0.0067102000002705,1049,20.99979,1049,20.99979,0.2799979999999991
median,threshold,1,513,10.279897,513,10.279897,0.0086497999996026,515,10.319897,517,10.359896,0.07999900000000082
