time,raw_wavelength_shift,moving_average,butterworth,savitzky_golay,median
0.02,0.0033134999998765124,7.549999995717371e-05,0.003324573250591936,0.002795038461437626,0.0
0.039999,0.0012134999999489082,7.549999995717371e-05,0.0018511910441738448,0.000661681818124702,0.0
0.059999,-0.002776499999981752,7.549999995717371e-05,0.0006464831371623363,-0.00046391258744643733,-0.0006865000000289001
0.079999,-0.0006865000000289001,-0.00030450000003838794,-0.00011511332227324786,-0.0008115116550379106,-0.0006865000000289001
0.099999,-0.0006865000000289001,-0.00030450000003838794,-0.00040987896477251776,-0.0006108822844118375,-0.0006865000000289001
0.119999,0.0014134999998987041,0.0004934999999477441,-0.0003486582197702965,-9.179137533032651e-05,0.0012134999999489082
0.139999,0.0012134999999489082,0.0008734999999433057,-0.00010741753700491285,0.000418698135149764,0.0012134999999489082
0.159998,0.0012134999999489082,0.00045549999995273536,0.00015514320013728197,0.000664152680602057,0.0012134999999489082
0.179998,0.0012134999999489082,0.0004154999999627762,0.0003516755019525511,0.00037746270392092053,0.0012134999999489082
0.199998,-0.002776499999981752,3.5499999967214535e-05,0.00047196656999501336,0.000243779720243668,0.0012134999999489082
0.219998,0.0012134999999489082,3.5499999967214535e-05,0.0005494304283768034,4.259090906407121e-05,0.0012134999999489082
0.239998,-0.0006865000000289001,3.5499999967214535e-05,0.0006166832421370309,0.00017694988341613747,0.0012134999999489082
0.259997,0.0012134999999489082,0.0008334999999533466,0.0006782313098318627,0.0005920780885355927,0.0012134999999489082
0.279997,0.0012134999999489082,0.0008354999999482971,0.000711941733502193,0.0009457843822318591,0.0012134999999489082
0.299997,0.0012134999999489082,0.0012174999999388092,0.0006917150385156557,0.0012821247085609523,0.0012134999999489082
0.319997,0.0012234999999236607,0.0008394999999381981,0.0006128179905212599,0.0006393508157912595,0.0012134999999489082
0.339997,0.0012234999999236607,0.0004614999999375868,0.0005021128359067541,0.0005084417248787766,0.0012134999999489082
0.359996,-0.0006765000000541477,8.349999993697565e-05,0.0004055642802637113,0.0003107494171847353,-0.0006765000000541477
0.379996,-0.0006765000000541477,8.349999993697565e-05,0.00035963456610315215,4.6040792476623996e-05,-0.0006765000000541477
0.399996,-0.0006765000000541477,8.349999993697565e-05,0.0003643274631524663,-0.00020176806532986734,-0.0006765000000541477
0.419996,0.0012234999999236607,8.349999993697565e-05,0.00037648249428575244,0.0005803764568036139,-0.0006765000000541477
0.439996,0.0012234999999236607,0.0004634999999325373,0.0003303592039047246,0.0007179055943321497,0.0012234999999236607
0.459996,-0.0006765000000541477,0.0012234999999236607,0.00017568206429396905,0.0005459708624064438,0.0012234999999236607
0.479995,0.0012234999999236607,4.349999994701648e-05,-8.759813755132776e-05,-5.997319352145657e-05,0.0012234999999236607
0.499995,0.003123499999901469,-0.0007565000000340661,-0.000398045975082882,-0.0005573857809200095,-0.0006765000000541477
0.519995,-0.00467649999995956,-0.0007945000000290747,-0.0006546990206736666,-0.0007792972028276686,-0.0008665000000291911
0.539994,-0.002776499999981752,-0.0007945000000290747,-0.0007642454827120958,-0.0007660104895421704,-0.0008665000000291911
0.559994,-0.0008665000000291911,-0.0011365000000296277,-0.0006876471725878146,-0.0009515582750910809,-0.0008665000000291911
0.579994,0.0012234999999236607,-0.0003365000000485452,-0.0004576073834182135,-0.00048209440564223364,-0.0006765000000541477
0.599994,0.0014134999998987041,8.349999993697565e-05,-0.00015768806403232077,-0.00033337645692875506,-0.0006765000000541477
0.619994,-0.0006765000000541477,0.0008814999999231076,0.00012015501787306894,0.0005707261071590787,0.0012234999999236607
0.639994,-0.0006765000000541477,8.149999994202516e-05,0.0003132154808193685,0.0006717750582051899,-0.0006765000000541477
0.659993,0.003123499999901469,4.349999994701648e-05,0.0004047831740964867,0.0003153881118270888,-0.0006765000000541477
0.679993,-0.002776499999981752,0.0004614999999375868,0.00041947617069131883,0.0002523811188233501,0.0012234999999236607
0.699993,0.0012234999999236607,0.0004614999999375868,0.00040555860243226606,5.0982517423892666e-05,0.0012234999999236607
0.719993,0.0014134999998987041,0.00011949999993703387,0.0004143436816488248,0.0004570198134494206,0.0012234999999236607
0.739993,-0.0006765000000541477,0.0005774999999175634,0.00048399747883482456,0.0007720547784760624,0.0012234999999236607
0.759992,0.0014134999998987041,0.0009574999999131251,0.0006302510401838573,0.0006090011654201829,0.0014134999998987041
0.779992,-0.0004865000000791042,0.0009194999999181164,0.0008433092588552868,0.000973220279631348,0.0012234999999236607
0.799992,0.003123499999901469,0.0009194999999181164,0.0010896681153159526,0.0008408426572641115,0.0012234999999236607
0.819992,0.0012234999999236607,0.0008814999999231076,0.0013172507046332006,0.0012704463868649445,0.0012234999999236607
0.839992,-0.0006765000000541477,0.0016034999999192223,0.0014623659605465565,0.0015676258740403787,0.0012234999999236607
0.859991,0.0012234999999236607,0.0012614999999186693,0.0014596045814720313,0.0013218216782419682,0.0012234999999236607
0.879991,0.003123499999901469,0.0008814999999231076,0.0012578219150054365,0.001151751748173706,0.0012234999999236607
0.899991,0.0014134999998987041,0.0008814999999231076,0.0008409244028529037,0.0007039428903638874,0.0012234999999236607
0.919991,-0.0006765000000541477,0.000501499999927546,0.00024407655334966435,0.0004947354311641573,-0.0006765000000541477
0.939991,-0.0006765000000541477,-0.00025850000006357734,-0.0004454302046843518,1.0236596671663739e-05,-0.0006765000000541477
0.959991,-0.0006765000000541477,-0.0010965000000396686,-0.0011054998014630474,-0.0011185512820938986,-0.0006765000000541477
0.97999,-0.0006765000000541477,-0.0014765000000352302,-0.0016092643108112034,-0.0020590874126097045,-0.0006765000000541477
0.99999,-0.002776499999981752,-0.001896500000020751,-0.0018596816739159547,-0.0019375489510712225,-0.002576500000031956
1.01999,-0.002576500000031956,-0.001896500000020751,-0.0018199261402302147,-0.0018421177156413633,-0.002576500000031956
1.03999,-0.002776499999981752,-0.0014785000000301807,-0.0015286844379220409,-0.0014494836830144095,-0.002576500000031956
1.059989,-0.0006765000000541477,-0.0010965000000396686,-0.0010902209044803463,-0.0010391107226466736,-0.0008665000000291911
1.079989,0.0014134999998987041,-0.0003365000000485452,-0.0006383475657179551,-0.0005547517482984571,-0.0006765000000541477
1.099989,-0.0008665000000291911,4.549999994196696e-05,-0.0002880242174055588,-4.8224941781135856e-05,-0.0006765000000541477
1.119989,0.0012234999999236607,4.549999994196696e-05,-9.703193309645642e-05,-0.00010006643361682268,-0.0006765000000541477
1.139989,-0.0008665000000291911,-0.0004105000000436121,-5.5199890776579375e-05,2.9420745863558564e-05,-0.0008665000000291911
1.159988,-0.0006765000000541477,-0.0003725000000486034,-0.00010345951720624916,-0.0002065932401444496,-0.0006765000000541477
1.179988,-0.0008665000000291911,-0.0003345000000535947,-0.00016994294022884836,-0.00039482167837201487,-0.0006765000000541477
1.199988,-0.0006765000000541477,-0.000296500000058586,-0.00020387891824689004,-0.00042759557115220313,-0.0006765000000541477
1.219988,0.0014134999998987041,-0.000296500000058586,-0.0001925088833180778,-0.000556476690032824,-0.0006765000000541477
1.239988,-0.0006765000000541477,-0.00025850000006357734,-0.00015755741629791152,-3.6080419646075397e-05,-0.0006765000000541477
1.259987,-0.0006765000000541477,0.00012149999993198435,-0.00013770073031299754,0.0004909592073863375,-0.0006765000000541477
1.279987,-0.0006765000000541477,8.349999993697565e-05,-0.0001662991466213481,-1.17214452871204e-05,-0.0006765000000541477
1.299987,0.0012234999999236607,8.349999993697565e-05,-0.0002518829792836864,-0.00025176806532341126,-0.0006765000000541477
1.319987,0.0012234999999236607,-0.0007145000000491564,-0.00036848766390218884,-0.0006880151515640785,-0.0006765000000541477
1.339987,-0.0006765000000541477,-0.0003345000000535947,-0.00046306118087768936,-0.0005746351981884171,0.0012234999999236607
1.359987,-0.004666499999984808,-0.0006765000000541477,-0.00048055037720858,-0.0003664766900333998,-0.0004865000000791042
1.379986,0.0012234999999236607,-0.0006765000000541477,-0.0003938095076904879,-0.00045062587418266133,-0.0004865000000791042
1.399986,-0.0004865000000791042,-0.000296500000058586,-0.00021821255093818447,-0.0003089009324604345,0.0012234999999236607
1.419986,0.0012234999999236607,0.000501499999927546,-6.83213822407148e-07,5.869813513328073e-05,0.0012234999999236607
1.439986,0.0012234999999236607,0.000501499999927546,0.0002078595320128653,0.00021813869457091835,0.0012234999999236607
1.459985,-0.0006765000000541477,0.0004634999999325373,0.0003768794851483451,0.0006876025640282458,0.0012234999999236607
1.479985,0.0012234999999236607,8.349999993697565e-05,0.0005030990895601206,0.0004763438227776424,-0.0006765000000541477
1.499985,-0.0006765000000541477,0.0004634999999325373,0.0005997240251766632,0.0007243624707933944,-0.0006765000000541477
1.519985,-0.0006765000000541477,0.000843499999928099,0.0006791104965048722,0.0004032668996997176,0.0012234999999236607
1.539984,0.003123499999901469,0.000501499999927546,0.0007415881801392632,0.00027482867125927887,-0.0004865000000791042
1.559984,0.0012234999999236607,0.000501499999927546,0.000775633638155546,0.0008328706292920706,-0.0004865000000791042
1.579984,-0.0004865000000791042,0.0009194999999181164,0.0007651444512090467,0.0009125909090098294,0.0012234999999236607
1.599984,-0.0006765000000541477,0.0009194999999181164,0.0006971964784517205,0.0012518449882575093,0.0012234999999236607
1.619984,0.0014134999998987041,0.0005394999999225547,0.0005685965123388438,0.0006030104894335018,-0.0004865000000791042
1.639984,0.003123499999901469,0.000501499999927546,0.0003918067862439292,8.704312347560585e-05,-0.0006765000000541477
1.659983,-0.0006765000000541477,8.349999993697565e-05,0.0001958176638951397,-5.2467366029279366e-05,-0.0006765000000541477
1.679983,-0.0006765000000541477,4.549999994196696e-05,1.5075373347556484e-05,6.932750576867531e-05,-0.0006765000000541477
1.699983,-0.0027665000000069995,-0.0007145000000491564,-0.0001312956975633959,-0.00010960023315676234,-0.0006765000000541477
1.719983,0.0012234999999236607,-0.0003345000000535947,-0.00025498032097142877,-0.0003062435897976106,-0.0006765000000541477
1.739983,-0.0006765000000541477,-0.0003345000000535947,-0.00039338043884635257,-0.00045594055949505836,-0.0006765000000541477
1.759982,0.0012234999999236607,8.349999993697565e-05,-0.0005838126939823231,-0.00044929720284886415,-0.0006765000000541477
1.779983,-0.0006765000000541477,-0.0007145000000491564,-0.0008336887892775366,-0.0007039592075065702,-0.0006765000000541477
1.799982,-0.0006765000000541477,-0.0011325000000397267,-0.0011072540637246005,-0.0009010454545907809,-0.0006765000000541477
1.819982,-0.0027665000000069995,-0.0015125000000352884,-0.001338227957130113,-0.0014838892774248298,-0.0006765000000541477
1.839982,-0.0027665000000069995,-0.0015125000000352884,-0.0014604957159961836,-0.0013200198135572792,-0.0006765000000541477
1.859982,-0.0006765000000541477,-0.0015125000000352884,-0.0014380785787947166,-0.0017806258741590215,-0.0006765000000541477
1.879981,-0.0006765000000541477,-0.0010945000000447181,-0.001278228755188356,-0.0015414650350030951,-0.0006765000000541477
1.899981,-0.0006765000000541477,-0.0010565000000497093,-0.0010244062532736495,-0.001005567599115097,-0.0006765000000541477
1.919981,-0.0006765000000541477,-0.0006765000000541477,-0.0007375638491789972,-0.0005759638695206239,-0.0006765000000541477
1.939981,-0.002576500000031956,-0.000296500000058586,-0.0004759538379532489,0.00015701981345211496,-0.0006765000000541477
1.95998,0.0012234999999236607,-0.000296500000058586,-0.00027831663052167656,-0.0004900431235989733,-0.0006765000000541477
1.97998,0.0012234999999236607,8.349999993697565e-05,-0.00015214444803512424,-0.0003992505828056377,0.0012234999999236607
1.99998,-0.0006765000000541477,-0.0003345000000535947,-7.117148097540772e-05,-0.0001933065268626616,0.0012234999999236607
2.01998,0.0012234999999236607,4.549999994196696e-05,1.2601111504229073e-05,0.00024294055938012564,0.0012234999999236607
2.039979,-0.004666499999984808,4.549999994196696e-05,0.0001441867126944384,0.0003310757575164674,0.0012234999999236607
2.059979,0.003123499999901469,0.00042549999993752864,0.0003408156350094866,7.862820506921288e-05,0.0012234999999236607
2.079979,0.0012234999999236607,4.549999994196696e-05,0.0005816584906137863,0.00048165850809215975,0.0012234999999236607
2.099979,0.0012234999999236607,0.0012614999999186693,0.0008159072695307709,0.0005436631700934476,0.0012234999999236607
2.119979,-0.0006765000000541477,0.0008814999999231076,0.000980879959970596,0.000782824009248844,0.0012234999999236607
2.139979,0.0014134999998987041,0.000501499999927546,0.0010206117022595982,0.0016491177155278766,0.0012234999999236607
2.159978,0.0012234999999236607,0.0008814999999231076,0.0009022309118434777,0.000980353146773767,0.0012234999999236607
2.179978,-0.0006765000000541477,0.0012614999999186693,0.0006304705082966941,0.0007035466199755076,0.0012234999999236607
2.199978,0.003123499999901469,0.00042549999993752864,0.0002563959691169393,0.00029387296031113674,0.0012234999999236607
2.219978,0.0012234999999236607,-0.0003725000000486034,-0.0001285738706646954,-0.000363819347369516,-0.0006765000000541477
2.239978,-0.0027665000000069995,-0.0003725000000486034,-0.00042009779330929133,-0.0007672925408326451,-0.0006765000000541477
2.259977,-0.0027665000000069995,-0.0011325000000397267,-0.0005438592717403141,-0.0005338892774383082,-0.0006765000000541477
2.279977,-0.0006765000000541477,-0.0007525000000441651,-0.0004919398490733807,-0.00015034615390210112,-0.0006765000000541477
2.299977,-0.0006765000000541477,8.349999993697565e-05,-0.0003272851865416848,-0.0004891573427085387,-0.0006765000000541477
2.319977,0.003123499999901469,0.0004634999999325373,-0.00014925878150839604,-0.00030092890448309346,-0.0006765000000541477
2.339977,0.0014134999998987041,4.549999994196696e-05,-4.060441621562388e-05,0.00013974708618536637,-0.0006765000000541477
2.359976,-0.0008665000000291911,4.549999994196696e-05,-2.937153610380296e-05,0.0003053881118253058,-0.0006765000000541477
2.379976,-0.0027665000000069995,-0.0003345000000535947,-8.691300158602896e-05,7.90710955136352e-05,-0.0006765000000541477
2.399976,-0.0006765000000541477,-0.0003725000000486034,-0.00015570108538379376,-0.0001445885781431617,-0.0006765000000541477
2.419976,0.0012234999999236607,-0.0003345000000535947,-0.00018245690221205865,-0.0007004160839644422,-0.0006765000000541477
2.439976,0.0012234999999236607,8.349999993697565e-05,-0.0001371246725828445,-0.0004395536131039043,-0.0006765000000541477
2.459975,-0.0006765000000541477,8.349999993697565e-05,-1.654232602670965e-05,5.2497668933098864e-05,-0.0006765000000541477
2.479975,-0.0006765000000541477,8.349999993697565e-05,0.00015786420495417152,0.0005591643355915172,-0.0006765000000541477
2.499975,-0.0006765000000541477,0.00012149999993198435,0.00034388063439781024,0.00030184498827575746,-0.0006765000000541477
2.519975,0.0012234999999236607,0.000501499999927546,0.00048793349820154547,0.0003527773892067687,0.0012234999999236607
2.539975,0.0014134999998987041,0.000501499999927546,0.0005435363809115592,0.0005365769230038913,0.0012234999999236607
2.559974,0.0012234999999236607,0.0008814999999231076,0.0004927749403169904,0.0007380920745169548,0.0012234999999236607
2.579974,-0.0006765000000541477,0.000501499999927546,0.00035814718893211595,0.0004391410255701916,0.0012234999999236607
2.599974,0.0012234999999236607,8.349999993697565e-05,0.00019567751556174244,0.00031734615377806703,-0.0006765000000541477
2.619974,-0.0006765000000541477,-0.000296500000058586,7.085773489335517e-05,-0.00018976340332371353,-0.0006765000000541477
2.639974,-0.0006765000000541477,8.349999993697565e-05,2.8362609762663553e-05,-0.0003204160839724836,-0.0006765000000541477
2.659973,-0.0006765000000541477,-0.000296500000058586,6.996125135480056e-05,-3.430885787050632e-05,-0.0006765000000541477
2.679973,0.0012234999999236607,8.349999993697565e-05,0.00015202397323844507,0.0002579988344337728,-0.0006765000000541477
2.699973,-0.0006765000000541477,0.0004634999999325373,0.00020536637499789733,0.0002137097901452456,0.0012234999999236607
2.719973,0.0012234999999236607,0.0004634999999325373,0.0001692703333592813,0.00039529487172820695,0.0012234999999236607
2.739973,0.0012234999999236607,8.349999993697565e-05,2.4003624838952247e-05,0.0004440128204455867,-0.0006765000000541477
2.759972,-0.0006765000000541477,8.349999993697565e-05,-0.00019411813574364,-0.00017426223782034394,-0.0006765000000541477
2.779972,-0.0006765000000541477,-0.000296500000058586,-0.00040369519488995647,-0.0006459405594955429,-0.0006765000000541477
2.799972,-0.0006765000000541477,-0.0010565000000497093,-0.0005114959890171283,-0.0008120244755793747,-0.0006765000000541477
2.819972,-0.0006765000000541477,-0.000638500000059139,-0.0004530883970982737,-0.0005573624709216687,-0.0006765000000541477
2.839972,-0.002576500000031956,-0.00025850000006357734,-0.00022185310206311075,-0.00028498484854802195,-0.0006765000000541477
2.859971,0.0014134999998987041,0.000501499999927546,0.00012789483041231498,0.00024869813512846495,0.0012234999999236607
2.879971,0.0012234999999236607,0.000501499999927546,0.0005058850179425811,0.0007841526805789309,0.0012234999999236607
2.899971,0.003123499999901469,0.0012614999999186693,0.000825900448999158,0.0009701666665891548,0.0012234999999236607
2.919971,-0.0006765000000541477,0.0012234999999236607,0.0010383200591878362,0.0011251783215984698,0.0012234999999236607
2.93997,0.0012234999999236607,0.0008814999999231076,0.0011378138141036702,0.0013643391607570461,0.0012234999999236607
2.95997,0.0012234999999236607,0.000501499999927546,0.0011456734839366152,0.0005627074591362951,0.0012234999999236607
2.97997,-0.0004865000000791042,0.0008814999999231076,0.001081588974320648,0.0008935466199675116,0.0012234999999236607
2.99997,0.0012234999999236607,0.000501499999927546,0.0009435763099577693,0.0006543857808121154,0.0012234999999236607
3.01997,0.0012234999999236607,0.0008814999999231076,0.0007078731435940165,0.000767765734191487,0.0012234999999236607
3.03997,-0.0006765000000541477,0.00042549999993752864,0.0003487485272483136,0.00048032983676207287,0.0012234999999236607
3.059969,0.003123499999901469,4.549999994196696e-05,-0.0001329148697884831,0.00014373310017615692,-0.0006765000000541477
3.079969,-0.0027665000000069995,-0.0003725000000486034,-0.0006887404858016742,-0.00043202447556886563,-0.0006765000000541477
3.099969,-0.0006765000000541477,-0.0007905000000391737,-0.0012228916033178317,-0.0010029102564480333,-0.0008665000000291911
3.119969,-0.0008665000000291911,-0.0019305000000258588,-0.0016160718939010493,-0.001735893939422892,-0.002576500000031956
3.139969,-0.0027665000000069995,-0.0015125000000352884,-0.0017654170252615735,-0.0019684114219389844,-0.0008665000000291911
3.159968,-0.002576500000031956,-0.00189250000003085,-0.0016253393863899194,-0.002103493007021907,-0.002576500000031956
3.179968,-0.0006765000000541477,-0.0014745000000402797,-0.0012328626406722856,-0.0010604860140315986,-0.002576500000031956
3.199968,-0.002576500000031956,-0.0006765000000541477,-0.0007047340633333652,-0.0007221177156685233,-0.0006765000000541477
3.219968,0.0012234999999236607,8.349999993697565e-05,-0.00020321770964694448,-4.006643362944567e-05,0.0012234999999236607
3.239968,0.0012234999999236607,8.349999993697565e-05,0.00011910039767735126,9.235780879277342e-05,0.0012234999999236607
3.259967,0.0012234999999236607,0.0004634999999325373,0.0001738851372926705,0.0003802365966681997,0.0012234999999236607
3.279967,-0.0006765000000541477,-0.000296500000058586,-3.2493263295501154e-05,1.5652680036778332e-06,-0.0006765000000541477
3.299967,-0.0006765000000541477,-0.000296500000058586,-0.0004052088431153541,-0.0002575256410823508,-0.0006765000000541477
3.319967,-0.002576500000031956,-0.0010945000000447181,-0.0007984951571029025,-0.0011348916084348401,-0.0006765000000541477
3.339967,0.0012234999999236607,-0.0010945000000447181,-0.0010659124997201934,-0.0011393205128652829,-0.0006765000000541477
3.359966,-0.0027665000000069995,-0.0010945000000447181,-0.0011041280183177026,-0.0011481783217245785,-0.0006765000000541477
3.379966,-0.0006765000000541477,-0.000296500000058586,-0.000878915659803693,-0.0007743787879290915,-0.0006765000000541477
3.399966,-0.0006765000000541477,-0.0006765000000541477,-0.0004301761185798677,-0.000528574592131741,-0.0006765000000541477
3.419966,0.0014134999998987041,0.00012149999993198435,0.0001423618027643878,0.00018226456869567412,-0.0006765000000541477
3.439966,-0.0006765000000541477,0.0005394999999225547,0.0007076765689262208,0.0005077890442134335,0.0012234999999236607
3.459965,0.0012234999999236607,0.001299499999913678,0.0011388452011805619,0.001659747086153731,0.0014134999998987041
3.479965,0.0014134999998987041,0.0012614999999186693,0.0013475684685033222,0.0015441526805660283,0.0012234999999236607
3.499965,0.003123499999901469,0.001641499999914231,0.001309740420883242,0.0011743391607608017,0.0012234999999236607
3.519965,0.0012234999999236607,0.000843499999928099,0.0010725564226552668,0.0007177191141525003,0.0012234999999236607
3.539964,0.0012234999999236607,0.00042549999993752864,0.0007359405966962116,0.0006251550115873056,0.0012234999999236607
3.559964,-0.0027665000000069995,4.549999994196696e-05,0.0004118862112914037,0.00040149533793050853,0.0012234999999236607
3.579964,-0.0006765000000541477,8.349999993697565e-05,0.00018009078590425201,0.0002221247085627687,0.0012234999999236607
3.599964,0.0012234999999236607,8.349999993697565e-05,6.396849854347912e-05,1.2194638631652158e-05,0.0012234999999236607
3.619964,0.0014134999998987041,0.000501499999927546,3.902992924709912e-05,-8.178321740752329e-06,0.0012234999999236607
3.639963,0.0012234999999236607,0.000501499999927546,6.329255963053193e-05,0.00027305710948741994,0.0012234999999236607
3.659963,-0.0006765000000541477,0.00012149999993198435,0.00010580025828429508,0.00045685664328136243,-0.0006765000000541477
3.679963,-0.0006765000000541477,0.00012149999993198435,0.00015561828318948312,9.988694631774171e-05,-0.0006765000000541477
3.699963,-0.0006765000000541477,-0.00025850000006357734,0.00021202384300478348,4.674009317256919e-05,-0.0006765000000541477
3.719963,0.0014134999998987041,0.00012149999993198435,0.00026997236617114706,0.00012203146846518536,-0.0006765000000541477
3.739963,-0.0006765000000541477,0.000501499999927546,0.0003141488991578325,7.552797196249685e-05,0.0012234999999236607
3.759962,0.0012234999999236607,0.000501499999927546,0.00032470514283468554,0.00046970046612879846,0.0012234999999236607
3.779962,0.0012234999999236607,8.349999993697565e-05,0.000288388915260206,0.0006938030302263077,-0.0006765000000541477
3.799962,-0.0006765000000541477,0.000501499999927546,0.00020606228584308845,0.00017783566426788158,0.0012234999999236607
3.819962,-0.0006765000000541477,0.00012149999993198435,9.146321848819989e-05,-0.0002920710956280381,-0.0006765000000541477
3.839962,0.0014134999998987041,-0.0006765000000541477,-3.716677039370271e-05,-0.00010561421917657204,-0.0006765000000541477
3.859961,-0.0006765000000541477,-0.000296500000058586,-0.00016643463456292754,-0.00027612703968819645,-0.0006765000000541477
3.879961,-0.0027665000000069995,0.00012149999993198435,-0.0002919695783019079,-3.386596743403405e-05,0.0012234999999236607
3.899961,0.0012234999999236607,-0.000296500000058586,-0.0004139937827158291,-9.985664342081232e-05,-0.0006765000000541477
3.919961,0.0014134999998987041,-0.000296500000058586,-0.0005259091012033195,-0.0004010221445759067,-0.0006765000000541477
3.939961,-0.0006765000000541477,-0.0003345000000535947,-0.0006048946947264036,-0.0010565000000402783,-0.0006765000000541477
3.95996,-0.0006765000000541477,-0.0007525000000441651,-0.0006163451736757125,-0.000746033799577756,-0.0006765000000541477
3.97996,-0.002956499999982043,-0.0011705000000347353,-0.0005344998242873725,-0.0003275023310509096,-0.0006765000000541477
3.99996,-0.0008665000000291911,-0.0004105000000436121,-0.00036546796106990044,-0.0006313251748667078,-0.0006765000000541477
4.01996,-0.0006765000000541477,-3.0500000048050423e-05,-0.0001522192531036987,9.094405544016464e-06,-0.0006765000000541477
4.03996,0.003123499999901469,0.00042549999993752864,4.720621156500055e-05,0.00037049300693542994,-0.0006765000000541477
4.059959,0.0012234999999236607,0.000843499999928099,0.0001952914154572129,0.00016676340320502503,0.0012234999999236607
4.079959,-0.0006765000000541477,0.00042549999993752864,0.0002981713742919078,0.0002907727272076008,0.0012234999999236607
4.099959,0.0012234999999236607,-0.0003345000000535947,0.0003976027976502455,0.00032974708618373075,-0.0006765000000541477
4.119959,-0.0027665000000069995,4.549999994196696e-05,0.000536199044764896,0.0005773228437587702,-0.0006765000000541477
4.139959,-0.0006765000000541477,0.0008054999999330903,0.0007207106542366329,0.00033151864795717955,0.0012234999999236607
4.159958,0.003123499999901469,0.0008054999999330903,0.0009100701361433703,0.001060073426502656,0.0012234999999236607
4.179958,0.003123499999901469,0.0012234999999236607,0.0010365131397233015,0.0008895606059905014,0.0012234999999236607
4.199958,0.0012234999999236607,0.0016034999999192223,0.0010432035101913125,0.0010600734264994758,0.0012234999999236607
4.219958,-0.0006765000000541477,0.0004634999999325373,0.0009113352757450815,0.00132802214444268,0.0012234999999236607
4.239958,0.0012234999999236607,0.0004634999999325373,0.0006620613151474393,0.0007318916083210132,0.0012234999999236607
4.259957,-0.002576500000031956,8.349999993697565e-05,0.0003400316757371331,0.00016056293699901294,-0.0006765000000541477
4.279957,0.003123499999901469,8.349999993697565e-05,-4.2921934925602656e-06,-0.000592350815905948,-0.0006765000000541477
4.299957,-0.0006765000000541477,-0.000296500000058586,-0.0003228232856869896,-0.00014237412593642054,-0.0006765000000541477
4.319957,-0.0006765000000541477,-0.000296500000058586,-0.000570772958748828,-0.00018001981357928346,-0.0006765000000541477
4.339957,-0.0006765000000541477,-0.000296500000058586,-0.0007086636582814002,-0.0006206958042482733,-0.0006765000000541477
4.359957,-0.002576500000031956,-0.0007145000000491564,-0.0007095026570018635,-0.0003837494173033282,-0.0006765000000541477
4.379956,0.003123499999901469,-0.0007145000000491564,-0.0005683100188705065,-0.0009528636364101068,-0.0006765000000541477
4.399956,-0.0027665000000069995,-0.0003345000000535947,-0.0003094296031643791,-0.0006450547786045783,-0.0006765000000541477
4.419956,-0.0006765000000541477,4.549999994196696e-05,1.1334151595233738e-05,-6.849650409075409e-06,-0.0006765000000541477
4.439956,0.0012234999999236607,-0.0003345000000535947,0.000312934609871742,0.0005821946386299254,-0.0006765000000541477
4.459955,-0.0006765000000541477,0.000843499999928099,0.0005071879308284482,0.0006441993006343934,0.0012234999999236607
4.479955,0.0012234999999236607,0.0008054999999330903,0.0005274297025916406,-0.0001397167832730668,0.0012234999999236607
4.499955,0.003123499999901469,4.549999994196696e-05,0.00035755654436112007,0.0009258776223053978,-0.0006765000000541477
4.519955,-0.0008665000000291911,4.549999994196696e-05,4.613175774361502e-05,0.00014816200460341956,-0.0006765000000541477
4.539954,-0.002576500000031956,0.00042549999993752864,-0.0003048263377167457,-0.00021943706298976543,-0.0006765000000541477
4.559954,-0.0006765000000541477,-0.0011325000000397267,-0.0005729612378911053,-0.0005117447552935145,-0.0008665000000291911
4.579954,0.003123499999901469,-0.0007145000000491564,-0.0006554754709705876,-0.001047642191185223,-0.0006765000000541477
4.599954,-0.004666499999984808,-0.0003345000000535947,-0.0005009451444062623,-0.0007907657343133556,-0.0006765000000541477
4.619954,0.0012234999999236607,4.549999994196696e-05,-0.00012567397918897917,9.944405588338968e-05,0.0012234999999236607
4.639954,-0.0006765000000541477,4.549999994196696e-05,0.0003887566513067439,0.0006455279719639501,0.0012234999999236607
4.659953,0.0012234999999236607,0.0012234999999236607,0.0009184549499949208,0.0008226841491143485,0.0012234999999236607
4.679953,0.003123499999901469,0.0012234999999236607,0.0013359571647695101,0.0012079988344208244,0.0012234999999236607
4.699953,0.0012234999999236607,0.001641499999914231,0.0015508908436619865,0.0018856212120315794,0.0012234999999236607
4.719953,0.0012234999999236607,0.001641499999914231,0.0015360680164614973,0.001331565267983218,0.0012234999999236607
4.739953,0.0014134999998987041,0.0008814999999231076,0.0013297742365288919,0.0014710757574918135,0.0012234999999236607
4.759953,0.0012234999999236607,0.0008814999999231076,0.0010165477437048948,0.0010481153845366444,0.0012234999999236607
4.779952,-0.0006765000000541477,0.0008814999999231076,0.0006966531972032115,0.0004657144521433076,0.0012234999999236607
4.799952,0.0012234999999236607,0.0004634999999325373,0.0004558803237089209,0.0002110524474856018,0.0012234999999236607
4.819952,0.0012234999999236607,8.349999993697565e-05,0.0003440626232993725,0.0004435699300022243,-0.0006765000000541477
4.839952,-0.0006765000000541477,0.0004634999999325373,0.0003657648701271909,0.0005609358973692062,0.0012234999999236607
4.859951,-0.0006765000000541477,0.000843499999928099,0.00048324625817972234,0.0003288613052954159,0.0012234999999236607
4.879951,0.0012234999999236607,0.0004634999999325373,0.0006311064331698708,0.0006167400931708423,-0.0006765000000541477
4.899951,0.003123499999901469,0.0004634999999325373,0.00074004911631264,0.001128721445144308,-0.0006765000000541477
4.919951,-0.0006765000000541477,0.0012234999999236607,0.0007617663708572057,0.0007766235430529023,0.0012234999999236607
4.93995,-0.0006765000000541477,0.0012234999999236607,0.0006840753467404214,0.000650399766832455,0.0012234999999236607
4.95995,0.003123499999901469,-0.0003345000000535947,0.0005304147575342751,0.0003310757575154074,-0.0006765000000541477
4.97995,0.0012234999999236607,4.549999994196696e-05,0.00034564289611001405,0.0001450617715020036,0.0012234999999236607
4.99995,-0.004666499999984808,0.00042549999993752864,0.0001747569480996704,5.2054778494506706e-05,0.0012234999999236607
5.01995,0.0012234999999236607,8.349999993697565e-05,4.447942828209851e-05,0.000339933566368343,0.0012234999999236607
5.039949,0.0012234999999236607,-0.000296500000058586,-4.1222675072627504e-05,-2.7665501228022263e-05,0.0012234999999236607
5.059949,0.0014134999998987041,0.000501499999927546,-8.894769882602328e-05,-0.00021367948724142623,0.0012234999999236607
5.079949,-0.0006765000000541477,0.00012149999993198435,-9.873999396792728e-05,0.000184921911353728,-0.0006765000000541477
5.099949,-0.0006765000000541477,0.00012149999993198435,-5.8375054841455497e-05,0.00021592424235410688,-0.0006765000000541477
5.119949,-0.0006765000000541477,-0.000296500000058586,4.591049751123988e-05,-0.00028941375297475457,-0.0006765000000541477
5.139949,0.0012234999999236607,-0.000296500000058586,0.00021170400749972147,1.5737762176960368e-05,-0.0006765000000541477
5.159948,-0.0006765000000541477,0.0004634999999325373,0.000409631926258373,0.0001548053612448435,-0.0006765000000541477
5.179948,-0.0006765000000541477,0.000843499999928099,0.0005879123279160782,0.0007420780885045652,0.0012234999999236607
5.199948,0.003123499999901469,0.000501499999927546,0.0006920170569056313,0.0007642226106456487,-0.0004865000000791042
5.219948,0.0012234999999236607,0.0009194999999181164,0.0006909797886968443,0.0009148053612245209,0.0012234999999236607
5.239948,-0.0004865000000791042,0.0009194999999181164,0.0005963375177205041,0.0007907960372155849,0.0012234999999236607
5.259947,0.0014134999998987041,0.0005394999999225547,0.00046167603178364717,0.0006357843822057398,0.0012234999999236607
5.279947,-0.0006765000000541477,0.00015949999992699305,0.00036099049833971926,0.00029032983675628826,-0.0004865000000791042
5.299947,0.0012234999999236607,0.00012149999993198435,0.0003551207523463314,-0.00028985664342129705,-0.0006765000000541477
5.319947,-0.0006765000000541477,8.349999993697565e-05,0.00046060973569704295,0.0001751783216114179,-0.0006765000000541477
5.339947,-0.0006765000000541477,0.0004634999999325373,0.0006346992299601516,0.0009236631700917663,0.0012234999999236607
5.359946,0.0012234999999236607,0.000843499999928099,0.000785678644652289,0.0010507727271984082,0.0012234999999236607
5.379946,0.0012234999999236607,0.0012234999999236607,0.0008084527026734862,0.0009404930069204529,0.0012234999999236607
5.399946,0.003123499999901469,0.000843499999928099,0.0006316729419670641,0.0004980454544780137,0.0012234999999236607
5.419946,0.0012234999999236607,4.549999994196696e-05,0.0002526597436435098,0.00025002680646597205,0.0012234999999236607
5.439945,-0.002576500000031956,-0.0003345000000535947,-0.00025996211918153603,-0.0002814417249937035,-0.0006765000000541477
5.459945,-0.0027665000000069995,-0.0011325000000397267,-0.0007967548315767298,-0.0007615349650816555,-0.0008665000000291911
5.479945,-0.0006765000000541477,-0.0015125000000352884,-0.0012504821664359625,-0.0013572226107594304,-0.0008665000000291911
5.499945,-0.0008665000000291911,-0.0011325000000397267,-0.0015458628466031743,-0.0015649382284732055,-0.0006765000000541477
5.519945,-0.0006765000000541477,-0.0011325000000397267,-0.0016454448997944243,-0.0018262435897733954,-0.0006765000000541477
5.539945,-0.0006765000000541477,-0.0011325000000397267,-0.0015408957538633277,-0.00129477505831107,-0.0006765000000541477
5.559944,-0.0027665000000069995,-0.0015125000000352884,-0.0012457311228100852,-0.001020182983724322,-0.0006765000000541477
5.579944,-0.0006765000000541477,-0.0007525000000441651,-0.000796387409349724,-0.0008124673660105466,-0.0006765000000541477
5.599944,-0.0027665000000069995,-0.0003725000000486034,-0.000255108704085532,-0.00014591724947112856,-0.0006765000000541477
5.619944,0.003123499999901469,0.00042549999993752864,0.00029651940695772335,0.00020130885775124214,0.0012234999999236607
5.639944,0.0012234999999236607,0.0008054999999330903,0.0007764264194857605,0.0006238263402630489,0.0012234999999236607
5.659944,0.0012234999999236607,0.0012234999999236607,0.0011236772194698544,0.0009537797202064808,0.0012234999999236607
5.679943,0.0012234999999236607,0.000843499999928099,0.001309224551350534,0.001340865967286406,0.0012234999999236607
5.699943,-0.0006765000000541477,0.0008814999999231076,0.0013314097749777653,0.0015490244754387734,0.0012234999999236607
5.719943,0.0012234999999236607,0.0012614999999186693,0.0012049797781618703,0.0009595372959595903,0.0012234999999236607
5.739943,0.0014134999998987041,0.0008814999999231076,0.0009562129584167399,0.0009484650348871934,0.0012234999999236607
5.759942,0.003123499999901469,0.0008814999999231076,0.0006276094194103793,0.000547649184076288,0.0012234999999236607
5.779942,-0.0006765000000541477,0.000501499999927546,0.0002827672827333178,0.000479001165429866,-0.0006765000000541477
5.799942,-0.0006765000000541477,8.349999993697565e-05,-1.058198767864225e-06,0.00022433916077215996,-0.0006765000000541477
5.819942,-0.0006765000000541477,-0.000296500000058586,-0.0001548774296217632,-0.00021633682989682988,-0.0006765000000541477
5.839942,-0.0006765000000541477,-0.000296500000058586,-0.0001432000403896924,-0.0003248449884013363,-0.0006765000000541477
5.859941,0.0012234999999236607,8.349999993697565e-05,2.2078913063803792e-05,-4.493822850166085e-05,-0.0006765000000541477
5.879941,-0.0006765000000541477,0.0004634999999325373,0.0002859804898827939,0.00040459557102927454,0.0012234999999236607
5.899941,0.0012234999999236607,0.000843499999928099,0.0005693311557984269,0.0005618216782554008,0.0012234999999236607
5.919941,0.0012234999999236607,0.00042549999993752864,0.0007930946169762504,0.0007013321677655862,0.0012234999999236607
5.93994,0.0012234999999236607,0.0008054999999330903,0.0008991813400040525,0.0009382785547100014,0.0012234999999236607
5.95994,-0.0008665000000291911,0.0008054999999330903,0.0008624573378527617,0.0008696305360630493,0.0012234999999236607
5.97994,0.0012234999999236607,0.0008054999999330903,0.000693720611118967,0.0010738030302309865,0.0012234999999236607
5.99994,0.0012234999999236607,0.00042549999993752864,0.0004363536458225451,0.00046261421905090217,0.0012234999999236607
6.01994,0.0012234999999236607,0.0004634999999325373,0.00015737262596267484,-0.00045239743596671054,0.0012234999999236607
6.03994,-0.0006765000000541477,-0.0003345000000535947,-6.974923504746137e-05,-0.00018001981357133347,-0.0006765000000541477
6.05994,-0.0006765000000541477,-0.0007145000000491564,-0.00019036980650947075,0.00023408275054150052,-0.0006765000000541477
6.079939,-0.0027665000000069995,8.34999999824504e-05,-0.00019256764219536344,-0.0002867564102774804,-0.0006765000000541477
6.099939,-0.0006765000000541477,8.34999999824504e-05,-0.00011375141669431626,-0.00020703613055124138,-0.0006765000000541477
6.119939,0.0052135000000816945,-0.00029650000001311125,-2.11611210624563e-05,-6.0882284397511676e-05,-0.0006765000000541477
6.139939,-0.0006765000000541477,0.0005014999999730207,2.39272565735276e-05,0.00019599417247223545,-0.0006765000000541477
6.159938,-0.002576500000031956,0.0005014999999730207,-4.958014198280956e-06,4.54114218822331e-05,-0.0006765000000541477
6.179938,0.0012234999999236607,-0.0006765000000541477,-9.422435760625502e-05,0.00016499184144694616,-0.0006765000000541477
6.199938,-0.0006765000000541477,-0.0006765000000541477,-0.00020563325935962247,-0.00029162820518255584,-0.0006765000000541477
6.219938,-0.0006765000000541477,8.349999993697565e-05,-0.00029756711671825235,-0.000738504662077168,-0.0006765000000541477
6.239938,-0.0006765000000541477,-0.000296500000058586,-0.00034010930189519586,-0.00031288694644486477,-0.0006765000000541477
6.259937,0.0012234999999236607,-0.000296500000058586,-0.0003203729321440836,-0.00022209440565152915,-0.0006765000000541477
6.279937,-0.0006765000000541477,-0.0003345000000535947,-0.000240757872782608,-0.00041918065273414994,-0.0006765000000541477
6.299937,-0.0006765000000541477,4.549999994196696e-05,-0.00011491828691098264,0.0002916585080975054,-0.0006765000000541477
6.319937,-0.0008665000000291911,4.549999994196696e-05,3.612222206663217e-05,0.00015214801858891,-0.0006765000000541477
6.339936,0.0012234999999236607,0.00042549999993752864,0.0001889803791472003,8.349999994142791e-05,0.0012234999999236607
6.359936,0.0012234999999236607,4.549999994196696e-05,0.0003247597411270794,4.142540786653215e-05,0.0012234999999236607
6.379936,0.0012234999999236607,0.0004634999999325373,0.0004338302355526971,0.00036872144515933054,0.0012234999999236607
6.399936,-0.002576500000031956,0.0004634999999325373,0.0005135819680024419,0.0008895606059862616,0.0012234999999236607
6.419936,0.0012234999999236607,0.0004634999999325373,0.00056072695399909,0.0005746655010948866,0.0012234999999236607
6.439936,0.0012234999999236607,0.000501499999927546,0.0005664680281997362,0.00039706643349794583,0.0012234999999236607
6.459935,0.0012234999999236607,0.0004634999999325373,0.0005201539071353066,0.0002088379952703805,0.0012234999999236607
6.479935,0.0014134999998987041,0.000501499999927546,0.00041742302350001524,0.00041301048943778767,0.0012234999999236607
6.499935,-0.0027665000000069995,0.00012149999993198435,0.00026450452314509163,0.0005990244754517215,0.0012234999999236607
6.519935,0.0014134999998987041,0.00012149999993198435,7.632847659061913e-05,4.5411421847252526e-05,0.0012234999999236607
6.539935,-0.0006765000000541477,-0.0003345000000535947,-0.0001262362376778312,-0.0001671759907355577,-0.0006765000000541477
6.559934,0.0012234999999236607,8.349999993697565e-05,-0.00031537332119754537,-0.000456826340382313,-0.0006765000000541477
6.579934,-0.0008665000000291911,-0.0003345000000535947,-0.0004542761456727996,-0.00029694289049813304,-0.0006765000000541477
6.599934,-0.0006765000000541477,-0.0003345000000535947,-0.0005009262671648448,-0.00017691958047468751,-0.0006765000000541477
6.619934,-0.0006765000000541477,-0.0003725000000486034,-0.00042043215737431994,-0.0007110454545876468,-0.0006765000000541477
6.639934,-0.0006765000000541477,-0.0003725000000486034,-0.00020114256135073054,-6.132517487797474e-05,-0.0006765000000541477
6.659933,0.0010334999999486172,7.499999946958269e-06,0.0001339374666875621,9.53729598525871e-06,-0.0006765000000541477
6.679933,-0.0008665000000291911,0.0007674999999380816,0.0005267634102588113,0.00031956060600441845,0.0010334999999486172
6.699933,0.0012234999999236607,0.0007294999999430729,0.0008962937272268864,0.0009435932400319387,0.0010334999999486172
6.719933,0.003123499999901469,0.0007674999999380816,0.001159587293340887,0.0011273927738280013,0.0012234999999236607
6.739933,-0.0008665000000291911,0.0015654999999242137,0.0012551183241263245,0.0015485815850070713,0.0012234999999236607
6.759932,0.0012234999999236607,0.001185499999928652,0.0011606906065028705,0.0012341293705564085,0.0012234999999236607
6.779932,0.003123499999901469,0.0008054999999330903,0.0009007315969659377,0.0008306561770885094,0.0012234999999236607
6.799932,-0.0006765000000541477,0.00042549999993752864,0.000540606633548272,0.00019023659667831525,0.0012234999999236607
6.819932,0.0012234999999236607,4.549999994196696e-05,0.0001677618261107906,0.00018580769224840255,-0.0006765000000541477
6.839932,-0.0027665000000069995,-0.0003345000000535947,-0.00013577387699171376,-0.0001507890443465237,-0.0006765000000541477
6.859931,-0.0006765000000541477,4.549999994196696e-05,-0.00031807231336075203,-0.00012200116555924603,0.0012234999999236607
6.879931,0.0012234999999236607,-0.0007145000000491564,-0.000366451863464182,-0.0005055442890943929,-0.0006765000000541477
6.899931,0.0012234999999236607,0.0004634999999325373,-0.0002978964762843672,-0.00017559090914672073,0.0012234999999236607
6.919931,-0.002576500000031956,4.549999994196696e-05,-0.00014086125128782675,6.578438222336704e-05,0.0012234999999236607
6.93993,0.003123499999901469,8.349999993697565e-05,7.705361224066932e-05,0.0003780221444545681,0.0012234999999236607
6.95993,-0.0027665000000069995,8.349999993697565e-05,0.00032891349874838153,-1.0920746538461024e-06,0.0012234999999236607
6.97993,0.0014134999998987041,0.0004634999999325373,0.0005803379995930725,0.000291215617649903,0.0012234999999236607
6.99993,0.0012234999999236607,8.349999993697565e-05,0.0007836209094682189,0.0006765303029595591,0.0012234999999236607
7.01993,-0.0006765000000541477,0.0012614999999186693,0.0008822178003945812,0.0010556445220669133,0.0012234999999236607
7.03993,0.0012234999999236607,0.000843499999928099,0.0008270771467157812,0.0006149685313979233,0.0012234999999236607
7.059929,0.003123499999901469,0.0004634999999325373,0.0005987132951914822,0.001053872960296644,-0.0006765000000541477
7.079929,-0.0006765000000541477,0.00042549999993752864,0.00022343169125884133,0.00016322027966236678,-0.0006765000000541477
7.099929,-0.0006765000000541477,4.549999994196696e-05,-0.00022758757256664813,-0.0002814417249937035,-0.0006765000000541477
7.119929,-0.0008665000000291911,-0.0011325000000397267,-0.0006591027103271338,-0.0007819079254524701,-0.0006765000000541477
7.139929,-0.0006765000000541477,-0.0011325000000397267,-0.0009834328086049432,-0.0011468496503913115,-0.0006765000000541477
7.159928,-0.0027665000000069995,-0.0011325000000397267,-0.0011479206389597687,-0.0011092039627442084,-0.0006765000000541477
7.179928,-0.0006765000000541477,-0.0007145000000491564,-0.0011463734918107002,-0.000858970862513765,-0.0006765000000541477
7.199928,-0.0006765000000541477,-0.0007525000000441651,-0.0010111041953890342,-0.001188924242464617,-0.0006765000000541477
7.219928,0.0012234999999236607,-0.0007145000000491564,-0.0007921529230849584,-0.0007438193473678345,-0.0006765000000541477
7.239928,-0.0008665000000291911,-0.0007145000000491564,-0.0005370944362641829,-0.0003700198135723477,-0.0006765000000541477
7.259928,-0.002576500000031956,4.549999994196696e-05,-0.000282477178494667,-0.0001751480187054785,-0.0006765000000541477
7.279927,-0.0006765000000541477,-0.0003345000000535947,-5.6593425689950905e-05,-0.00010029953385675462,-0.0006765000000541477
7.299927,0.003123499999901469,-0.000296500000058586,0.00011612624072946213,2.1495337935369856e-05,-0.0006765000000541477
7.319927,-0.0006765000000541477,0.0004634999999325373,0.00021615130176475892,1.4851981290235833e-05,-0.0006765000000541477
7.339926,-0.0006765000000541477,0.0004634999999325373,0.00023268988816311595,0.00028280069923343996,-0.0006765000000541477
7.359926,0.0012234999999236607,-0.000296500000058586,0.0001642889847118932,9.147202791081883e-05,-0.0006765000000541477
7.379926,-0.0006765000000541477,-0.000296500000058586,1.5534723051236323e-05,-2.146503502731041e-05,-0.0006765000000541477
7.399926,-0.0006765000000541477,-0.000296500000058586,-0.00020551376060958416,-0.0005152878788462429,-0.0006765000000541477
7.419926,-0.0006765000000541477,-0.00025850000006357734,-0.00048461032300491596,-0.00018090559446918804,-0.0006765000000541477
7.439925,-0.0006765000000541477,-0.000638500000059139,-0.0007927172085055093,-0.0005728636364234481,-0.0006765000000541477
7.459925,0.0014134999998987041,-0.000638500000059139,-0.0010767436537606964,-0.0009692505828060308,-0.0006765000000541477
7.479925,-0.002576500000031956,-0.0010185000000547007,-0.001259720917600238,-0.0011264766900300374,-0.0006765000000541477
7.499925,-0.0006765000000541477,-0.0010185000000547007,-0.001258685448478615,-0.0012039825175341648,-0.0006765000000541477
7.519925,-0.002576500000031956,-0.001436500000045271,-0.0010179321786377407,-0.0012460571096069406,-0.0006765000000541477
7.539925,-0.0006765000000541477,-0.0006765000000541477,-0.0005427592337787276,-0.0009382482517998219,-0.0006765000000541477
7.559924,-0.0006765000000541477,-0.000296500000058586,8.560420411030898e-05,-5.025291381246807e-05,-0.0006765000000541477
7.579924,0.0012234999999236607,0.000843499999928099,0.0007258477806073858,0.0010552016316272609,0.0012234999999236607
7.599924,0.0012234999999236607,0.0016034999999192223,0.0012204884593078641,0.0014050850815066252,0.0012234999999236607
7.619924,0.003123499999901469,0.0016034999999192223,0.0014507790599791461,0.0016929638693820516,0.0012234999999236607
7.639924,0.003123499999901469,0.0012234999999236607,0.0013783462652796781,0.0011969265733505477,0.0012234999999236607
7.659923,-0.0006765000000541477,0.000843499999928099,0.001053730113005205,0.0007938962703249509,-0.0006765000000541477
7.679923,-0.0006765000000541477,8.349999993697565e-05,0.0005883377594839977,0.0006158076922344354,-0.0006765000000541477
7.699923,-0.0006765000000541477,-0.000296500000058586,0.0001066155697504367,8.993356637147131e-05,-0.0006765000000541477
7.719923,-0.0006765000000541477,8.349999993697565e-05,-0.00029479586679313823,-0.0004534230769749219,-0.0006765000000541477
7.739923,0.0012234999999236607,-0.0003365000000485452,-0.0005628617636438634,-0.0005669428904906202,-0.0006765000000541477
7.759922,0.0012234999999236607,-0.0003365000000485452,-0.0006809121242856108,-0.00048092890447596476,-0.0006765000000541477
7.779922,-0.002776499999981752,-0.0003365000000485452,-0.0006548612788047457,-0.0005541223776680256,-0.0006765000000541477
7.799922,-0.0006765000000541477,-0.0007165000000441069,-0.0005071371877111424,-0.0005278752914198956,-0.0006765000000541477
7.819922,-0.0006765000000541477,-0.0007165000000441069,-0.00027823645543559067,-0.00021927389282806742,-0.0006765000000541477
7.839921,-0.0006765000000541477,8.349999993697565e-05,-2.492200689069584e-05,-0.0001234696970272498,-0.0006765000000541477
7.859921,0.0012234999999236607,0.000501499999927546,0.0001933724590591893,4.343006986719299e-05,0.0012234999999236607
7.879921,0.0012234999999236607,0.0004634999999325373,0.00033658397548497253,0.0006844557108808575,0.0012234999999236607
7.899921,0.0014134999998987041,0.0004634999999325373,0.00040131143617592937,0.00043294055937318984,0.0012234999999236607
7.919921,-0.0008665000000291911,0.0004634999999325373,0.0004203596855026501,0.0002203531467887896,0.0012234999999236607
7.93992,-0.0006765000000541477,8.349999993697565e-05,0.0004424204372050801,0.0005038030302358931,-0.0006765000000541477
7.95992,0.0012234999999236607,4.549999994196696e-05,0.0005035120003273192,0.0003177890442246093,-0.0006765000000541477
7.97992,-0.0006765000000541477,0.000843499999928099,0.0006073694467731746,0.000583523309956302,0.0012234999999236607
7.99992,0.0012234999999236607,0.000843499999928099,0.0007253622289607994,0.0004639428903778088,0.0012234999999236607
8.01992,0.003123499999901469,0.000843499999928099,0.0008136893073539382,0.0012562272726446297,0.0012234999999236607
8.039919,-0.0006765000000541477,0.000843499999928099,0.0008356277756922524,0.0011307261071518589,0.0012234999999236607
8.059919,0.0012234999999236607,0.0012234999999236607,0.0007754628159587948,0.0006006561770920237,0.0012234999999236607
8.079919,-0.0006765000000541477,4.349999994701648e-05,0.000638450313709807,0.000411844988285829,-0.0006765000000541477
8.099919,0.003123499999901469,4.349999994701648e-05,0.00044089076257453595,0.00016126223770767832,-0.0006765000000541477
8.119919,-0.002776499999981752,4.349999994701648e-05,0.00019869803432426717,0.0003440128204526681,-0.0006765000000541477
8.139919,-0.0006765000000541477,0.00042349999994257815,-7.825461338051854e-05,0.00033329020973062905,0.0012234999999236607
8.159918,0.0012234999999236607,-0.0003365000000485452,-0.0003820307219983586,-0.0007909522144914147,-0.0006765000000541477
8.179918,0.0012234999999236607,-0.0007165000000441069,-0.0006952103340378033,-0.000824984848519746,-0.0006765000000541477
8.199918,-0.0006765000000541477,-0.0011365000000296277,-0.0009827530160017369,-0.0009168263403636243,-0.0006765000000541477
8.219918,-0.00467649999995956,-0.0007565000000340661,-0.0011978485777777229,-0.000497479021022987,-0.0006765000000541477
8.239918,-0.002776499999981752,-0.0011365000000296277,-0.0012997339432528894,-0.0013354743589955964,-0.0006765000000541477
8.259917,0.003123499999901469,-0.0015565000000151486,-0.00126919660868512,-0.0017350081585202673,-0.002776499999981752
8.279917,-0.0006765000000541477,-0.0011765000000195868,-0.0011117706197183248,-0.0015135629370776316,-0.002776499999981752
8.299917,-0.002776499999981752,-0.00037650000003850435,-0.0008533553529547095,-0.0006551946387257278,-0.0006765000000541477
8.319917,-0.002776499999981752,-0.0007565000000340661,-0.0005369742464830571,-0.00013293356647729542,-0.0006765000000541477
8.339916,0.0012234999999236607,-0.00037650000003850435,-0.00021873095727752959,9.888461533278184e-05,0.0012234999999236607
8.359916,0.0012234999999236607,5.499999952007784e-06,4.517850514224937e-05,-0.00046542773896517527,0.0012234999999236607
8.379916,0.0012234999999236607,0.0008054999999330903,0.00021895615678476485,-8.617365971990408e-05,0.0012234999999236607
8.399916,-0.0008665000000291911,5.499999952007784e-06,0.00030158133512599936,0.0007765303029662579,0.0012234999999236607
8.419916,0.0012234999999236607,4.349999994701648e-05,0.00032335828868333265,0.000512427738865857,0.0012234999999236607
8.439915,-0.002776499999981752,0.00042349999994257815,0.00032697823798275607,-0.00014887762242879758,0.0012234999999236607
8.459915,0.0014134999998987041,8.149999994202516e-05,0.0003469797492977083,6.604079248495992e-05,0.0012234999999236607
8.479915,0.003123499999901469,8.149999994202516e-05,0.00040044104764308205,0.0007373694638025285,0.0012234999999236607
8.499915,-0.002576500000031956,0.0012614999999186693,0.0004907288978940825,0.0008128006992304114,0.0014134999998987041
8.519915,0.0012234999999236607,0.0012234999999236607,0.000616403484016087,0.0005633834498111092,0.0012234999999236607
8.539914,0.003123499999901469,8.349999993697565e-05,0.0007763275676245794,0.0009851783215984195,0.0012234999999236607
8.559914,0.0012234999999236607,0.0008814999999231076,0.0009662199824324061,0.0006915885780190362,0.0012234999999236607
8.579914,-0.002576500000031956,0.0012234999999236607,0.0011670802859673804,0.0008138263402539929,0.0014134999998987041
8.599914,0.0014134999998987041,0.000843499999928099,0.0013335118501820564,0.001367439393861112,0.0012234999999236607
8.619914,0.0029334999999264255,0.000843499999928099,0.0013958133478975431,0.001363010489432789,0.0012234999999236607
8.639914,0.0012234999999236607,0.0016034999999192223,0.0012834322483575996,0.0012956445220641218,0.0012234999999236607
8.659914,0.0012234999999236607,0.0015654999999242137,0.0009608750383897482,0.0011400268064518666,0.0012234999999236607
8.679913,0.0012234999999236607,0.0004634999999325373,0.00045596975534919104,0.0006564603728979,0.0012234999999236607
8.699913,0.0012234999999236607,-0.0003365000000485452,-0.00013674152398540382,-2.267715623054128e-05,0.0012234999999236607
8.719913,-0.002576500000031956,-0.0007545000000391156,-0.000682323704614075,-0.0007521876457287854,-0.0008665000000291911
8.739913,-0.002776499999981752,-0.0007545000000391156,-0.0010515229053434192,-0.0013691806527074218,-0.0008665000000291911
8.759912,-0.0008665000000291911,-0.0015545000000201981,-0.0011656057480023613,-0.0012434230769488176,-0.002576500000031956
8.779912,0.0012234999999236607,-0.0011745000000246363,-0.0010193640251631724,-0.0011526305361576018,-0.0008665000000291911
8.799912,-0.002776499999981752,5.499999952007784e-06,-0.000674762148227559,-0.000693772727308178,-0.0006765000000541477
8.819912,-0.0006765000000541477,4.349999994701648e-05,-0.00023261676144175535,0.00029259090903815255,-0.0006765000000541477
8.839911,0.003123499999901469,4.349999994701648e-05,0.00020397549684046283,0.0004822179486544281,-0.0006765000000541477
8.859911,-0.0006765000000541477,0.000843499999928099,0.0005611995648795205,0.00046601748245299313,0.0012234999999236607
8.879911,0.0012234999999236607,0.000843499999928099,0.0008101160407130388,0.000572684149116417,0.0012234999999236607
8.899911,0.0012234999999236607,0.0004634999999325373,0.0009611827026696302,0.0010365536129754431,0.0012234999999236607
8.919911,-0.0006765000000541477,0.000843499999928099,0.0010427283652712435,0.0008337564101846251,0.0012234999999236607
8.939911,0.0012234999999236607,0.000843499999928099,0.0010766949798674719,0.000652171328601664,0.0012234999999236607
8.95991,0.0012234999999236607,0.000843499999928099,0.0010654115317842937,0.0013962272726489196,0.0012234999999236607
8.97991,0.0012234999999236607,0.0012234999999236607,0.000995597349442656,0.0009329638693928341,0.0012234999999236607
8.99991,0.0012234999999236607,0.0012234999999236607,0.0008550812394721566,0.0009732668996911007,0.0012234999999236607
9.01991,0.0012234999999236607,0.0004634999999325373,0.0006505387377921123,0.0007473927738201424,0.0012234999999236607
9.039909,0.0012234999999236607,0.000501499999927546,0.00041481454574154316,0.0002956445220776956,0.0012234999999236607
9.059909,-0.002576500000031956,8.349999993697565e-05,0.00019932811850655965,0.0003115885780201873,0.0012234999999236607
9.079909,0.0014134999998987041,8.349999993697565e-05,5.654032895813758e-05,6.578438222177695e-05,0.0012234999999236607
9.099909,-0.0008665000000291911,8.349999993697565e-05,2.318101381846024e-05,1.5652680057975975e-06,0.0012234999999236607
9.119909,0.0012234999999236607,0.00042549999993752864,0.0001121462814347051,0.0002783717948109473,0.0012234999999236607
9.139909,0.0012234999999236607,0.0003874999999425199,0.0003124125363217193,0.00037802214446145836,0.0012234999999236607
9.159908,-0.0008665000000291911,0.0008054999999330903,0.0005906325603889975,0.0005441060605442299,0.0012234999999236607
9.179908,0.0012234999999236607,0.00042549999993752864,0.0008904956015671217,0.000488744755183836,0.0012234999999236607
9.199908,0.0012234999999236607,0.00042549999993752864,0.001133081960837414,0.0010450151514426486,0.0012234999999236607
9.219908,-0.0006765000000541477,0.0012234999999236607,0.001225880670474507,0.001375807692227893,0.0012234999999236607
9.239908,0.0012234999999236607,0.0012234999999236607,0.001085713705808763,0.001179886946312601,0.0012234999999236607
9.259907,0.003123499999901469,0.000843499999928099,0.0006721855975073276,0.00065646037289366,0.0012234999999236607
9.279907,0.0012234999999236607,4.349999994701648e-05,1.7186443936562734e-05,-1.510139865748024e-05,0.0012234999999236607
9.299907,-0.0006765000000541477,-0.0007165000000441069,-0.0007694186138103302,-0.000615124708671633,-0.0006765000000541477
9.319907,-0.00467649999995956,-0.0014765000000352302,-0.001528401920103717,-0.0014013717949047403,-0.0006765000000541477
9.339906,-0.002576500000031956,-0.0022745000000213623,-0.00210325994912294,-0.002289250582770538,-0.002576500000031956
9.359907,-0.0006765000000541477,-0.0026925000000119327,-0.002389364837340816,-0.0028916748251853917,-0.0027665000000069995
9.379906,-0.0027665000000069995,-0.00189250000003085,-0.0023580393416171856,-0.002175381118906072,-0.002576500000031956
9.399906,-0.0027665000000069995,-0.0015125000000352884,-0.0020513223098039624,-0.0016275955711302962,-0.0006765000000541477
9.419906,-0.0006765000000541477,-0.0010945000000447181,-0.0015574867525265349,-0.0011637261072717999,-0.0006765000000541477
9.439905,-0.0006765000000541477,-0.0010945000000447181,-0.0009808936912503534,-0.001289460373000263,-0.0006765000000541477
9.459905,0.0014134999998987041,-0.0006765000000541477,-0.000417545126341213,-0.00063176806532067,-0.0006765000000541477
9.479905,-0.0027665000000069995,-0.000296500000058586,5.699288840248273e-05,0.00014550466193741593,-0.0006765000000541477
9.499905,-0.0006765000000541477,0.000501499999927546,0.0003890825184426373,0.00028014335657326625,0.0012234999999236607
9.519905,0.0012234999999236607,8.349999993697565e-05,0.0005477439260745132,0.0004169965034264581,-0.0006765000000541477
9.539905,0.0033134999998765124,0.000501499999927546,0.0005324561364012743,0.0005476491840778781,-0.0006765000000541477
9.559904,-0.0006765000000541477,0.0008814999999231076,0.0003834632880920701,0.0004967167831468668,0.0012234999999236607
9.579904,-0.0006765000000541477,0.000501499999927546,0.0001811078428147378,0.0003886515150793627,-0.0006765000000541477
9.599904,0.0012234999999236607,-0.000296500000058586,2.6168430921954997e-05,0.00026242773885838536,-0.0006765000000541477
9.619904,-0.0006765000000541477,-0.000296500000058586,6.527576141207325e-06,-0.00031332983688822733,-0.0006765000000541477
9.639903,-0.0006765000000541477,0.0004634999999325373,0.00016398016264039232,-0.0003531899767436618,-0.0006765000000541477
9.659903,-0.0006765000000541477,4.549999994196696e-05,0.00047534994675627783,0.0007013321677655862,-0.0006765000000541477
9.679903,0.003123499999901469,0.0008054999999330903,0.0008571497988350228,0.0009559941724254122,-0.0006765000000541477
9.699903,-0.0008665000000291911,0.0015654999999242137,0.0011938633476022912,0.0012638030302309406,0.003123499999901469
9.719903,0.003123499999901469,0.0015654999999242137,0.0013790854730157784,0.0017841993006208693,0.003123499999901469
9.739902,0.003123499999901469,0.001185499999928652,0.001352156791879833,0.0013054347318630043,0.0012234999999236607
9.759902,-0.0006765000000541477,0.0012234999999236607,0.001114440791697483,0.0009599801864087825,0.0012234999999236607
9.779902,0.0012234999999236607,8.349999993697565e-05,0.000718894647074388,0.00012911771555421169,-0.0006765000000541477
9.799902,-0.0006765000000541477,-0.00025850000006357734,0.00024053518324331104,0.0005237331001569853,-0.0006765000000541477
9.819902,-0.002576500000031956,-0.00025850000006357734,-0.0002540211148809772,-0.00030491491847971404,-0.0006765000000541477
9.839901,0.0014134999998987041,-0.00022050000006856862,-0.0007204370276184985,-0.000851884615442759,-0.0006765000000541477
9.859901,-0.0006765000000541477,-0.0010185000000547007,-0.0011291582287996722,-0.0009603927739488554,-0.0006765000000541477
9.879901,0.0014134999998987041,-0.0010185000000547007,-0.0014483924128654148,-0.0011725372960914833,-0.0006765000000541477
9.899901,-0.004666499999984808,-0.001436500000045271,-0.0016369072450402955,-0.001495847319393491,-0.0006765000000541477
9.919901,-0.002576500000031956,-0.001436500000045271,-0.0016565231848133053,-0.0016464300699702435,-0.0006765000000541477
9.9399,-0.0006765000000541477,-0.002272500000026412,-0.0014957643482348677,-0.0015932832168197705,-0.002576500000031956
9.9599,-0.0006765000000541477,-0.0010945000000447181,-0.0011864929334087445,-0.0014555442890830344,-0.0006765000000541477
9.9799,-0.0027665000000069995,-0.0003345000000535947,-0.0008016690997356131,-0.0012008822844232084,-0.0006765000000541477
9.9999,0.0012234999999236607,-0.0007145000000491564,-0.0004350576758456176,6.401282045256814e-05,-0.0006765000000541477
10.0199,0.0012234999999236607,-0.0003345000000535947,-0.00017208111659569052,1.5652680068578388e-06,0.0012234999999236607
10.0399,-0.002576500000031956,0.0004634999999325373,-6.3564128479568e-05,-0.00012465850821676954,0.0012234999999236607
10.059899,0.0012234999999236607,-0.000296500000058586,-0.00011203350143270116,-0.00013130186486190354,0.0012234999999236607
10.079899,0.0012234999999236607,-0.0006765000000541477,-0.0002745279242340807,-0.00017780536136724207,-0.0006765000000541477
10.099899,-0.002576500000031956,-0.000296500000058586,-0.0004800324875212948,-0.0007075023310561187,-0.0006765000000541477
10.119899,-0.0006765000000541477,-0.0006765000000541477,-0.0006555009966526684,-0.0007473624709157928,-0.0006765000000541477
10.139899,-0.0006765000000541477,-0.0010565000000497093,-0.0007509213889273331,-0.0007473624709157929,-0.0006765000000541477
10.159898,-0.0006765000000541477,-0.0006765000000541477,-0.0007532839122275705,-0.0009510920746430177,-0.0006765000000541477
10.179898,-0.0006765000000541477,-0.0006765000000541477,-0.0006846093998943577,-0.0006809289044830022,-0.0006765000000541477
10.199898,-0.0006765000000541477,-0.000296500000058586,-0.0005869544452694406,-3.608041964395524e-05,-0.0006765000000541477
10.219898,-0.0006765000000541477,-0.000296500000058586,-0.0005019950062073822,-0.0003483181818756864,-0.0006765000000541477
10.239897,0.0012234999999236607,-0.000296500000058586,-0.0004537950859713007,-0.0006561270396790949,-0.0006765000000541477
10.259897,-0.0006765000000541477,-0.0007145000000491564,-0.00044237701020615226,-0.0007761503496977705,-0.0006765000000541477
10.279897,-0.0006765000000541477,-0.0007145000000491564,-0.0004517340680333881,-0.0003660337995895073,-0.0006765000000541477
10.299897,-0.0027665000000069995,-0.0007145000000491564,-0.00046760795454352054,-0.00043911072266478206,-0.0006765000000541477
10.319897,-0.0006765000000541477,-0.000296500000058586,-0.0004919940192808837,-0.00037666317021960177,-0.0006765000000541477
10.339896,0.0012234999999236607,-0.0007145000000491564,-0.0005419237872283829,-0.0009081317016798072,-0.0006765000000541477
10.359896,0.0014134999998987041,-0.000296500000058586,-0.0006326333988231499,-0.000653026806578739,-0.0006765000000541477
10.379896,-0.0027665000000069995,-0.0007145000000491564,-0.0007593086788571122,-0.00040899417254847755,-0.0006765000000541477
10.399896,-0.0006765000000541477,-0.0007145000000491564,-0.0008925700381439225,-0.0007057307692784292,-0.0006765000000541477
10.419896,-0.0027665000000069995,-0.0011705000000347353,-0.0009897944385434398,-0.0010250547785928268,-0.0008665000000291911
10.439895,0.0012234999999236607,-0.0011705000000347353,-0.0010119516496034271,-0.001199996503530124,-0.0008665000000291911
10.459895,-0.0008665000000291911,-0.0007905000000391737,-0.0009356268187641225,-0.0011623508158840807,-0.0008665000000291911
10.479895,-0.0027665000000069995,-0.0003725000000486034,-0.0007579021549064061,-0.0006282249417700618,-0.0006765000000541477
10.499895,0.0012234999999236607,-0.0007525000000441651,-0.0004964369471365418,-0.0004958006993483726,-0.0006765000000541477
10.519895,-0.0006765000000541477,-0.0003345000000535947,-0.00018585234893063243,9.545804189895931e-05,-0.0006765000000541477
10.539895,-0.0006765000000541477,0.0004634999999325373,0.00012983203732345815,0.00012380303024234462,0.0012234999999236607
10.559894,0.0012234999999236607,0.0004634999999325373,0.00040757240774973733,0.0004028240092558255,0.0012234999999236607
10.579894,0.0012234999999236607,0.0004634999999325373,0.0006152414520547774,0.0003979522143836104,0.0012234999999236607
10.599894,0.0012234999999236607,0.0004634999999325373,0.0007368430227924416,0.00035100582743967964,0.0012234999999236607
10.619894,-0.0006765000000541477,0.0004634999999325373,0.0007703739902329288,0.0010906328670580827,0.0012234999999236607
10.639894,-0.0006765000000541477,0.000843499999928099,0.0007212580043078725,0.0011774393938616878,0.0012234999999236607
10.659893,0.0012234999999236607,0.000843499999928099,0.0005992038895608116,0.00044445571088894896,0.0012234999999236607
10.679893,0.003123499999901469,0.0004634999999325373,0.0004228091945079477,9.678671322586592e-05,0.0012234999999236607
10.699893,0.0012234999999236607,4.549999994196696e-05,0.0002251154826966418,-2.5008158566258555e-05,0.0012234999999236607
10.719893,-0.002576500000031956,4.549999994196696e-05,4.790363773346186e-05,7.907109551257512e-05,0.0012234999999236607
10.739892,-0.0027665000000069995,-0.0003345000000535947,-7.693288127712136e-05,0.0003408193472561275,0.0012234999999236607
10.759892,0.0012234999999236607,-0.0003345000000535947,-0.00014369683747088944,0.00010608741252905387,0.0012234999999236607
10.779892,0.0012234999999236607,0.00042549999993752864,-0.0001696463505994962,-0.000296942890495483,0.0012234999999236607
10.799892,0.0012234999999236607,0.00042549999993752864,-0.00017340449885895113,-0.0006556841492325527,0.0012234999999236607
10.819892,0.0012234999999236607,-0.0003345000000535947,-0.00015571363776729964,0.00011051631695790655,0.0012234999999236607
10.839892,-0.0027665000000069995,-0.0007145000000491564,-0.00010226079106794084,3.079603723643755e-05,-0.0006765000000541477
10.859891,-0.002576500000031956,4.549999994196696e-05,-6.96613494802814e-06,-0.00012643006998809873,-0.0006765000000541477
10.879891,-0.0006765000000541477,-0.0003345000000535947,0.00010714533886134218,0.00015701981346006493,-0.0006765000000541477
10.899891,0.005023499999879277,0.0004634999999325373,0.00019230000112412308,0.00011273076917206785,-0.0006765000000541477
10.919891,-0.0006765000000541477,0.0008054999999330903,0.00020530167448340372,-0.0001149149184733998,-0.0006765000000541477
10.93989,0.0012234999999236607,0.00042549999993752864,0.00013766170782414852,0.0005188613052943107,-0.0006765000000541477
10.95989,-0.0008665000000291911,-0.0007145000000491564,2.146503097391705e-05,0.0003944090908499623,-0.0006765000000541477
10.97989,-0.002576500000031956,7.499999946958269e-06,-9.249895197025486e-05,-0.00012155827510846359,-0.0006765000000541477
10.99989,-0.0006765000000541477,-0.0004105000000436121,-0.0001655482699139556,-0.0008456841492245572,-0.0008665000000291911
11.01989,0.0029334999999264255,-0.0003725000000486034,-0.00018799386036731116,-0.0003695769231231555,-0.0006765000000541477
11.039889,-0.0008665000000291911,7.499999946958269e-06,-0.00017380176445466202,2.6810023257307317e-05,-0.0006765000000541477
11.059889,-0.0006765000000541477,0.0003874999999425199,-0.00014246367983508748,0.00014417599061845925,-0.0006765000000541477
11.079889,-0.0006765000000541477,4.549999994196696e-05,-0.00010264629682812812,0.00018580769224946263,-0.0006765000000541477
11.099889,0.0012234999999236607,-0.000296500000058586,-4.5077353123868067e-05,-8.43554779137329e-05,-0.0006765000000541477
11.119889,0.0012234999999236607,8.349999993697565e-05,5.4903717310984075e-05,-0.00010472843828984523,0.0012234999999236607
11.139889,-0.002576500000031956,0.0004634999999325373,0.00022651469338899708,1.5652680002352067e-06,0.0012234999999236607
11.159888,0.0012234999999236607,0.0004634999999325373,0.00048792272766595593,0.00027925757568866366,0.0012234999999236607
11.179888,0.0012234999999236607,0.0004634999999325373,0.0008334036394605606,0.000773080419507595,0.0012234999999236607
11.199888,0.0012234999999236607,0.0004634999999325373,0.0012306321148220557,0.0015277657341891825,0.0012234999999236607
