dataset,fbg,impact_id,start_time,peak_time,end_time,duration,peak_shift,residual_shift,rise_time,recovery_time,mean,median,std,variance,rms,minimum,maximum,peak_to_peak,skewness,kurtosis,crest_factor,sampling_frequency_hz,num_samples,dominant_frequency_hz,dominant_magnitude,spectral_energy,spectral_entropy,spectral_centroid_hz,spectral_bandwidth_hz,spectral_flatness,spectral_rolloff_hz,stft_peak_frequency_hz,stft_max_energy,stft_valid,feature_status,failure_reason
expert10,FBG2,expert10-FBG2-004,3.639964,3.719963,4.899951,1.2599869999999997,-0.03615299044280594,-0.013059144288968582,0.07999899999999993,1.1799879999999998,-0.014471462310259588,-0.013334126573051835,0.0062788545247846736,3.942401414340897e-05,0.01577489256827674,-0.036137844521784604,0.004050593706637684,0.04018843822842229,-1.8356009513411198,5.611651348648392,2.2908456818563505,50.000000000001066,64,0.7812500000000167,0.020817125954523154,0.0031078614728227314,2.3964651163773065,1.9821119444593445,3.5783977805303198,0.10365688668140206,4.6875000000000995,0.0,0.00022407072704776104,True,ok,
expert10,FBG2,expert10-FBG2-005,5.279947,6.159938,7.919921,2.6399740000000005,-0.014664878554716843,-0.012343946153798762,0.8799910000000004,1.759983,-0.012931041149724803,-0.012946725640642118,0.000676100557087512,4.57111963294044e-07,0.012948704073349202,-0.014649732633695508,-0.01119994242389388,0.0034497902098016286,0.13319605195948234,-0.010432685238162431,1.1313667028538659,50.000000000001066,133,4.511278195488818,0.016346453750856912,0.0014282992764455499,3.85915055941647,3.340400685696181,3.020360913764902,0.07590282390993247,4.511278195488818,0.0,0.0002235988887407463,True,ok,
expert10,FBG2,expert10-FBG2-006,8.239918,8.439915,9.499905,1.2599870000000006,-0.014320939160870409,-0.013196510256453345,0.19999699999999976,1.0599900000000009,-0.012984147333631808,-0.012926492540500382,0.0005710091114137354,3.260514053175037e-07,0.012996697018349527,-0.014305793239849074,-0.012084930768932184,0.0022208624709168893,-0.5662620717786129,-0.5278538535415782,1.1007253011785445,50.000000000001066,64,3.9062500000000835,0.006812458425731876,0.00018392831722654343,3.41618247888282,4.828608302182349,4.03187264328636,0.21254358749488828,6.250000000000133,0.0,0.00021995859386217867,True,ok,
expert10,FBG2,expert10-FBG2-007,9.759903,9.859901,10.159898,0.39999500000000054,-0.013402477622376643,-0.012672197902128599,0.09999800000000114,0.2999969999999994,-0.012771858285909085,-0.012846958741042304,0.000512346366114263,2.624987988704904e-07,0.012782130607774864,-0.013387331701355308,-0.011694930768998333,0.0016924009323569748,0.7980444449212285,-0.5388633538025038,1.0473474346453888,50.000000000001066,21,4.761904761904863,0.0037350597529481563,4.146541041283274e-05,2.048009622209834,3.5258474247316665,3.1871974146885806,0.14526296472551903,4.761904761904863,0.0,0.00019256299233404641,True,ok,
expert10,FBG2,expert10-FBG2-008,10.359896,10.559894,10.759892,0.3999959999999998,-0.013530985780923934,-0.012906778321694205,0.199997999999999,0.1999980000000008,-0.01294007784412695,-0.012888147552182247,0.0002569531451694923,6.602491881249419e-08,0.012942628772041546,-0.013515839859902599,-0.012464114918160702,0.0010517249417418967,-0.48046983624671524,-0.3572877321572028,1.0442886138478524,50.000000000001066,21,4.761904761904863,0.00180743089870406,8.892461774850604e-06,2.2507153694287276,4.515018115965469,3.972366038976203,0.20826782358757567,7.142857142857295,0.0,0.00021239154329595977,True,ok,
expert10,FBG2,expert10-FBG2-009,10.899891,11.279887,11.479885,0.5799939999999992,-0.015010915850798985,-0.013036417016311409,0.3799960000000002,0.199997999999999,-0.013125745842786014,-0.013049266433301388,0.0010137225354029168,1.0276333787837177e-06,0.01316483335664368,-0.01499576992977765,-0.011245933099975673,0.0037498368298019766,0.006376337114252536,-0.7018849381145205,1.1390778389313967,50.000000000001066,30,3.3333333333334045,0.011098619929282957,0.0002620179895335602,1.3663057156457106,2.760129969329905,1.5428402577476672,0.008842494498499179,3.3333333333334045,0.0,0.00021872922260979914,True,ok,
expert10,FBG2,expert10-FBG2-010,12.299877,12.659873,12.699873,0.3999959999999998,-0.012990076690027394,-0.01302599743591787,0.3599959999999989,0.040000000000000924,-0.01245859266263737,-0.012526842190853626,0.0003531428146177447,1.2470984751614282e-07,0.012463596631030626,-0.01297493076900606,-0.011572623076667121,0.0014023076923389381,0.9195967377102218,0.32282625914536345,1.0410262104200616,50.000000000001066,21,4.761904761904863,0.002528434126074494,1.9326686540120484e-05,2.5566761748517126,5.196457821862995,4.795183520596109,0.4525358341179972,9.523809523809726,0.0,0.00018768221836122127,True,ok,
expert10,FBG2,expert10-FBG2-011,13.699863,14.639853,15.539844,1.8399809999999999,-0.014224272494148876,-0.012577011421898092,0.9399899999999999,0.899991,-0.012825759402706353,-0.012746725640791965,0.0006641595031192127,4.4110784558355957e-07,0.012842944058964596,-0.014209126573127541,-0.011523392307460478,0.0026857342656670634,-0.10304242881364913,-0.8249393941603187,1.1063761165578951,50.000000000001066,93,1.6129032258064862,0.012354627991424462,0.0006439499202938438,3.8555205747049426,4.6515486568734055,4.433397352311145,0.15842909330799224,5.913978494623782,0.0,0.00021364866079931488,True,ok,
expert10,FBG2,expert10-FBG2-012,15.779842,15.97984,16.439835,0.6599929999999983,-0.013781451981310568,-0.012420939160862914,0.199997999999999,0.45999499999999927,-0.012640955038808287,-0.012664989044029852,0.0006269102323347193,3.930164394059718e-07,0.012656490853810097,-0.013766306060289233,-0.011467681351690896,0.002298624708598337,0.2964996189558211,-0.7777750046182526,1.0876874340050613,50.000000000001066,34,1.470588235294149,0.006088075210203116,8.849731946502856e-05,2.1302105758076695,3.319948525256963,2.722483515933125,0.10072881559145133,5.882352941176596,0.0,0.00019939899718608977,True,ok,
expert10,FBG2,expert10-FBG2-013,16.679833,16.879831,17.079829,0.3999960000000016,-0.01458543799536661,-0.012696766666673229,0.1999980000000008,0.1999980000000008,-0.013405897579947403,-0.013163019347063907,0.0006366436965312709,4.053151963330009e-07,0.013421006114310977,-0.014570292074345275,-0.012652879486907676,0.0019174125874375988,-0.7131203092126983,-0.939305398042297,1.085633368336581,50.000000000001066,21,2.3809523809524316,0.00484995350319011,5.652415619775966e-05,1.8771391512139168,2.7997686619600004,2.937740208385933,0.13861799740511233,4.761904761904863,0.0,0.00024240502112728255,True,ok,
expert10,FBG2,expert10-FBG2-014,17.379826,18.99981,20.679793,3.2999669999999988,-0.014354925174857537,-0.012259214219130232,1.6199839999999988,1.679983,-0.01278771631675786,-0.012770630069702556,0.0006408375397544139,4.1067275235849e-07,0.012803763561946685,-0.014339779253836202,-0.01135085151488572,0.002988927738950483,-0.14273280454884302,-0.48544373730538615,1.1199659525465324,50.000000000001066,166,2.4096385542169187,0.01910416060550311,0.0029168349731543046,4.331258224661096,3.24820947585312,3.2102946019245175,0.07981451689493911,4.216867469879608,0.0,0.00021764180776482885,True,ok,
expert12,FBG2,expert12-FBG2-003,2.919971,2.99997,3.279967,0.3599960000000002,0.018442665617742753,0.0044775840326602215,0.07999899999999993,0.2799970000000003,0.007656916635952524,0.00497217365956673,0.0055587345536975115,3.0899529838470675e-05,0.0094619185268315,-0.0013474300699399403,0.018436182983659635,0.019783613053599575,0.6454363586353219,-0.8291413977413464,1.9484613962146782,50.000000000001066,19,2.631578947368477,0.03034270696069129,0.0020289515418331467,2.342840751963793,5.3646559141940795,4.912321296334421,0.491140569267373,7.894736842105432,0.0,0.00012242193502576252,True,ok,
expert12,FBG2,expert12-FBG2-004,3.93996,4.139958,4.339956,0.3999959999999998,0.005971546736622047,0.004951966317021955,0.1999979999999999,0.1999979999999999,0.00536501859245516,0.00531581002325029,0.00040817973650107654,1.6661069729008827e-07,0.005380523691489484,0.004530238927717967,0.0059650641025389296,0.0014348251748209622,-0.21694268299582847,-0.87456748839005,1.1086400589544896,50.000000000001066,21,2.3809523809524316,0.0022821786776535064,1.7174488531639362e-05,2.3714469962350946,3.6218847801495118,3.927331904656144,0.25832585170944117,7.142857142857295,0.0,3.8633002669985e-05,True,ok,
expert12,FBG2,expert12-FBG2-005,5.599944,5.93994,5.99994,0.3999959999999998,0.005567723892686658,0.005241173776176587,0.3399960000000002,0.05999999999999961,0.004652837440219761,0.004600448717820457,0.0005719830939566451,3.271646597722162e-07,0.004687863149120609,0.0036392599066442225,0.005561241258603541,0.0019219813519593186,-0.04620321949906456,-1.0457778798388007,1.1863062298750697,50.000000000001066,21,2.3809523809524316,0.0041087930058538395,3.969475950270358e-05,1.9012781975121322,2.761337851853728,2.805599813931447,0.13791738025231068,4.761904761904863,0.0,2.3638307347235972e-05,True,ok,
expert12,FBG2,expert12-FBG2-006,7.039929,7.239927,7.439925,0.3999959999999998,0.006550148135148062,0.004704227389149536,0.1999979999999999,0.1999979999999999,0.005835078532460765,0.005959609557037735,0.0005588247449241718,3.1228509553956565e-07,0.005861776742210849,0.004717138694483473,0.0065436655010649445,0.001826526806581471,-0.4640208514233748,-0.972582599936711,1.116327998974064,50.000000000001066,21,2.3809523809524316,0.0034596453372192255,2.540802670377439e-05,1.9783757978610694,2.877970604949781,2.9899658725891256,0.11938039528616076,4.761904761904863,0.0,4.491459610649349e-05,True,ok,
expert12,FBG2,expert12-FBG2-007,7.99992,8.299917,9.739902,1.7399820000000004,0.006234064219061337,0.0046269546619632515,0.2999970000000003,1.439985,0.004737405965170993,0.004810378787884341,0.0007406176991004693,5.485145762208732e-07,0.004794948368341267,0.003167581584992874,0.00622758158497822,0.0030599999999853457,-0.18874522211479208,-0.7308145684724123,1.2987796961685636,50.000000000001066,88,1.704545454545491,0.013927197783798136,0.0009132870062612248,3.194533482560479,3.2505532737125145,2.494005529773566,0.0646822739352203,5.1136363636364734,0.0,3.441346562485932e-05,True,ok,
expert12,FBG2,expert12-FBG2-008,10.759892,10.95989,11.159888,0.3999959999999998,0.0062127355477011835,0.004982269347197068,0.199997999999999,0.1999980000000008,0.005225479242852384,0.005134597901975217,0.0005317363535818783,2.8274354972055225e-07,0.0052524638853781455,0.004425879953262599,0.006206252913618066,0.0017803729603554676,0.28192093438668026,-1.1058114206159377,1.181588878867894,50.000000000001066,21,2.3809523809524316,0.003962672127941316,3.861947293795722e-05,1.8480407173113675,2.4752347853813665,2.94302293125964,0.1484753839851782,4.761904761904863,0.0,3.893430918415165e-05,True,ok,
expert12,FBG2,expert12-FBG2-009,11.599884,11.659883,11.99988,0.3999959999999998,0.004934996619992281,0.004694343939382996,0.059999000000001246,0.33999699999999855,0.004069540736926706,0.0042122902096566675,0.0005200794526808563,2.7048263710081906e-07,0.004102638717533726,0.002863758741127255,0.004928513985909164,0.002064755244781909,-0.40398032845135895,-0.4016957278258966,1.2013034354806431,50.000000000001066,21,2.3809523809524316,0.0036812885988286212,3.6652832998318246e-05,2.3089869193491794,3.834820055754412,5.265976559609327,0.3765213620784465,7.142857142857295,0.0,1.737632511666411e-05,True,ok,
expert13,FBG2,expert13-FBG2-004,3.219968,3.279967,3.399966,0.17999799999999988,0.005260950116526611,0.00031070536131155743,0.059998999999999914,0.11999899999999997,0.002382759673760328,0.002706689743705568,0.0023777273951344434,5.653587565572826e-06,0.003366174568924085,-0.0019503615383386229,0.005246328438316781,0.007196689976655404,-0.43210205449965533,-1.1711033706894014,1.558543186307073,50.000000000001066,10,5.000000000000107,0.006475884393888367,7.565319484280743e-05,1.3896945522028792,4.080935193814754,3.2737961709130787,0.04540937869970456,5.000000000000107,,,False,partial,stft:event_too_short(10<16)
expert13,FBG2,expert13-FBG2-018,17.559824,17.659823,17.659823,0.0999990000000004,-0.01101252307694738,-0.022240262004536007,0.0999990000000004,0.0,-0.007084728282729062,-0.007256725174717125,0.0029864447793544534,8.918852420133469e-06,0.0076884476495736485,-0.01102714475515721,-0.002645373193385912,0.0083817715617713,0.13451164852237843,-1.3951400312368694,1.434248532051682,,0,,,,,,,,,,,False,partial,frequency_domain:insufficient_samples(6<8); stft:event_too_short(6<16)
expert13,FBG2,expert13-FBG2-019,18.319817,18.519814,18.719813,0.399995999999998,-0.03625643916078598,-0.029505821445180887,0.19999699999999976,0.19999899999999826,-0.03360013176809293,-0.03412770419570018,0.0020937622082273536,4.383840184601084e-06,0.03366530402384343,-0.03627106083899581,-0.02911462727258899,0.007156433566406821,0.7541653204751381,-0.3826804653145017,1.0774018500859774,50.000000000001066,21,2.3809523809524316,0.01297655988340549,0.00040652614258717464,1.4385562636021243,1.5532689693662942,1.790882403993756,0.028250096983280563,2.3809523809524316,0.0,0.0015365840520734843,True,ok,
expert8,FBG2,expert8-FBG2-002,2.899971,2.939971,3.839962,0.939991,0.05284966771562681,0.022475565151462706,0.040000000000000036,0.899991,0.02282441594781841,0.022777671095448496,0.007625413667814979,5.814693360529949e-05,0.024064515307072504,0.006074419347257588,0.05284682027963865,0.04677240093238106,1.2984574800137783,4.898901116172428,2.196047566522443,50.000000000001066,48,3.1250000000000666,0.02930124600335273,0.005982921598704605,3.973715505904191,8.642274418266032,6.1929027122676965,0.48802147021857284,18.7500000000004,0.0,0.0006579051091906769,True,ok,
expert8,FBG2,expert8-FBG2-003,6.479935,6.899931,7.819922,1.3399869999999998,0.02233481923068284,0.021063070979006733,0.41999599999999937,0.9199910000000004,0.021326113437394458,0.021438382051123597,0.0006282365554740305,3.946811696338746e-07,0.021335364902298957,0.019678591841318788,0.022331971794694677,0.0026533799533758895,-0.9098451151546039,0.3560812097322388,1.0467114997544913,50.000000000001066,68,1.470588235294149,0.015475676586720317,0.0005831924957886269,2.598685859836089,2.5492587285567048,3.0220024576091453,0.06929498366305872,3.6764705882353725,0.0,0.0005799453132030583,True,ok,
expert8,FBG2,expert8-FBG2-004,9.079909,9.419906,9.479905,0.3999959999999998,0.022120343706216156,0.021227243473158,0.33999699999999855,0.059999000000001246,0.02111077077351319,0.021156400699159077,0.0005746170948503472,3.301848056942529e-07,0.021118589618095072,0.019833533566264182,0.022117496270227993,0.0022839627039638113,-0.4383053124820374,-0.18950839525384966,1.0472998751430365,50.000000000001066,21,2.3809523809524316,0.00412478673512623,4.656915687811526e-05,2.1000249184175823,3.253876624579318,3.075692473225031,0.11014530369808123,4.761904761904863,0.0,0.000538441832895089,True,ok,
expert8,FBG2,expert8-FBG2-005,10.399896,10.599894,10.799892,0.3999959999999998,0.022148548834447064,0.02091808263398588,0.1999980000000008,0.199997999999999,0.021091138183879383,0.020907845920592645,0.0005633145598526216,3.173232933419528e-07,0.02109865951156227,0.02027034009304804,0.0221457013984589,0.0018753613054108623,0.4314874594438604,-1.147605195811351,1.0496259909935435,50.000000000001066,21,2.3809523809524316,0.004290312578297016,4.416531438370265e-05,1.8046214694659743,2.614016944879062,2.4653779787402796,0.05826141875267184,4.761904761904863,0.0,0.0005733854152159722,True,ok,
expert8,FBG2,expert8-FBG2-006,13.079869,13.119869,13.479865,0.3999959999999998,0.02083971433561881,0.021186031351955053,0.03999999999999915,0.35999600000000065,0.02008546163821358,0.020231225873955188,0.0005186120344252153,2.689584422506607e-07,0.020092155873932496,0.019124256177007318,0.020836866899630647,0.001712610722623329,-0.5509521192508353,-1.0071910290429469,1.0370647644966928,50.000000000001066,21,4.761904761904863,0.0036430709412324934,3.590676838583005e-05,2.2741396699531755,4.518154171126838,4.336739999543318,0.31768550938861695,7.142857142857295,0.0,0.0004930197217180698,True,ok,
expert8,FBG2,expert8-FBG2-007,13.679863,13.879861,14.839852,1.1599890000000013,0.021826940442834442,0.01989915489505431,0.1999980000000008,0.9599910000000005,0.020269898387907853,0.020271086013826524,0.0008483359847617414,7.196739430416735e-07,0.020287642903973623,0.01866439603715544,0.02182409300684628,0.003159696969690838,-0.0443135393080683,-0.9757496437843276,1.0757332978574716,50.000000000001066,59,1.6949152542373243,0.01128194302658676,0.0004620602539613941,2.830559564918959,3.53263993500564,2.434570924300964,0.08666217384620775,5.0847457627119725,0.0,0.0005280495999073991,True,ok,
expert8,FBG2,expert8-FBG2-008,15.079849,15.279847,15.479845,0.3999959999999998,0.0216131875291055,0.019793886829796555,0.1999980000000008,0.199997999999999,0.020334904417678417,0.020452810955568602,0.0006359822411501069,4.044734110583127e-07,0.020344847285914326,0.01927593449870496,0.02161034009311734,0.002334405594412378,0.06083097645106443,-0.7846907491702977,1.0622021285988799,50.000000000001066,21,2.3809523809524316,0.004076009602748394,4.310255657054183e-05,2.296972221326241,4.890165523489966,4.3026852050058855,0.3663851717508256,7.142857142857295,0.0,0.0005209477522002387,True,ok,
expert8,FBG2,expert8-FBG2-009,16.319837,17.319827,17.799822,1.4799849999999992,0.021206963752859513,0.02038910827499049,0.9999900000000004,0.47999499999999884,0.01998521219875904,0.01993947762226989,0.0007033481462185036,4.946986147890054e-07,0.019997584985298,0.018449267832030304,0.02120411631687135,0.0027548484848410465,-0.1586392922549134,-0.8336313219031637,1.06033385193564,50.000000000001066,75,0.6666666666666808,0.01054998696045442,0.0005024908777106497,3.179789443392107,2.4851500195110776,3.1647766742101924,0.09745118531213745,4.000000000000085,0.0,0.0005236308297118382,True,ok,
expert8,FBG2,expert8-FBG2-010,18.619814,18.819812,19.279807,0.659993,0.021114213170097713,0.02011866538459572,0.19999799999999723,0.4599950000000028,0.019964487220458797,0.0201229275056459,0.0006208278401458339,3.854272071001411e-07,0.019974137708120537,0.018821622144343405,0.02111136573410955,0.002289743589766146,-0.13707850269459154,-0.8865833452816103,1.056935024810942,50.000000000001066,34,1.470588235294149,0.006454077330623694,7.443036708856803e-05,2.3036878510842134,3.651150426091916,4.3790446276359525,0.24979173638991087,5.882352941176596,0.0,0.0005071982183287117,True,ok,
expert8,FBG2,expert8-FBG2-011,20.079799,20.279797,20.479795,0.399995999999998,0.021460017365931443,0.019712255128108074,0.19999799999999723,0.1999980000000008,0.020466411799175816,0.020374279487067395,0.0005215304357527035,2.7199399541640487e-07,0.020473055608014636,0.01966765944043996,0.02145716992994328,0.001789510489503321,0.3249633306995121,-0.8074826359571219,1.0480687563581566,50.000000000001066,21,4.761904761904863,0.004237899505073592,3.862393679032944e-05,2.071904409046819,4.88663517419437,3.4380441220762705,0.2575016817896831,7.142857142857295,0.0,0.0005276656327150268,True,ok,
expert8,FBG2,expert8-FBG2-012,20.899791,21.579784,22.599774,1.6999829999999996,0.02091812925406948,0.02020957447544118,0.6799929999999996,1.01999,0.019564314994164167,0.019621587179328992,0.0007159774331747086,5.126236848154444e-07,0.01957741159795371,0.017697962470738682,0.02091528181808132,0.003217319347342637,-0.44484565049389907,-0.3520368858237406,1.0683374415169085,50.000000000001066,86,3.48837209302333,0.013406280780990293,0.0007146676197901504,3.179278363925646,3.3745703093171016,2.97589324260523,0.08573419752936576,5.232558139534995,0.0,0.00047750368857037,True,ok,
expert8,FBG2,expert8-FBG2-013,22.91977,23.619764,24.439756,1.5199859999999994,0.02110414324000815,0.01916358379947949,0.6999940000000002,0.8199919999999992,0.019058320900172235,0.0190356314684039,0.0007531279893517715,5.672017683450422e-07,0.01907319578105061,0.01768619090893324,0.02110129580401999,0.00341510489508675,0.38088355430793897,-0.23571756663159515,1.1063324702504398,50.000000000001066,77,3.8961038961039796,0.013701321950173068,0.0008152433128957113,3.2109082787230108,3.010806156181887,2.602851183082436,0.0673633890835195,4.545454545454643,0.0,0.0004882944038620512,True,ok,
expert8,FBG2,expert8-FBG2-014,25.479745,25.679743,25.879741,0.399995999999998,0.02032985419579406,0.01896901503489263,0.19999799999999723,0.1999980000000008,0.01958135796413955,0.019732624475387255,0.0004794082034683331,2.2983222555273467e-07,0.019587225733761385,0.018685608158354287,0.020327006759805897,0.0016413986014516095,-0.2569304235934136,-1.1208474550159517,1.0377685454846928,50.000000000001066,21,2.3809523809524316,0.00272543347005004,1.64846898933899e-05,2.2474856337039673,4.045604691826543,5.02942236595745,0.2756030119835845,7.142857142857295,0.0,0.00048325336121873895,True,ok,
expert8,FBG2,expert8-FBG2-015,26.299737,26.379736,26.699733,0.399995999999998,0.02002041363632438,,0.07999900000000082,0.3199969999999972,0.018866604939367926,0.01891339370614721,0.0006231049313810707,3.882597555114087e-07,0.018876891738146235,0.017793883216649396,0.020017566200336217,0.0022236829836868206,-0.1090767196069358,-0.9767851690043408,1.060427027818617,50.000000000001066,21,4.761904761904863,0.004131594993326728,4.150963556418537e-05,2.3533615707340383,5.069373744503988,4.072172877395859,0.27376459823957167,7.142857142857295,0.0,0.00043387081114116155,True,ok,
expert8,FBG2,expert8-FBG2-016,26.859731,27.659723,28.179718,1.3199870000000011,0.01994528543122155,0.018773933449848564,0.7999919999999996,0.5199950000000015,0.01880846728928508,0.0188948855476296,0.0006378741639929306,4.068834490896802e-07,0.018819280677570983,0.01750164545437936,0.01994243799523339,0.002440792540854029,-0.17283001261625078,-0.9359661819668479,1.0596812033841971,50.000000000001066,67,2.2388059701493015,0.010527894275763455,0.0003092854611056803,3.1251905992768756,4.043967852492345,3.6031662877693376,0.13493734121543427,7.462686567164338,0.0,0.00045248445849674183,True,ok,
expert8,FBG2,expert8-FBG2-017,28.579714,28.95971,28.97971,0.3999960000000016,0.019321136247027956,,0.379996000000002,0.019999999999999574,0.018551263614018283,0.018653463636216193,0.0005021772043012415,2.5218194451981087e-07,0.018558059263331348,0.01746465244740873,0.019318288811039794,0.001853636363631065,-0.5829564219316692,-0.49818779137381375,1.0409649272545742,50.000000000001066,21,2.3809523809524316,0.0034688525965976057,3.541171062831346e-05,2.087904922397513,3.5307495296673586,3.02165554527224,0.14303457264646388,4.761904761904863,0.0,0.0004162989945232314,True,ok,
expert8,FBG2,expert8-FBG2-018,29.139708,29.339707,30.219697,1.0799890000000012,0.020333746969694495,0.0186776047784973,0.19999900000000181,0.8799899999999994,0.018777033036517055,0.018673859906584284,0.0007747374821476126,6.002181662444224e-07,0.018793009014543078,0.01745628414901598,0.020330899533706332,0.002874615384690353,0.20616987217727392,-0.9231133171385415,1.0818331177286804,50.000000000001066,55,3.636363636363714,0.010187029916447668,0.00029731364488840527,2.5505504728994937,3.62783933690588,2.0391870264303344,0.06120651157330778,4.545454545454643,0.0,0.0004432963750456103,True,ok,
expert8,FBG2,expert8-FBG2-019,30.519695,30.719693,31.01969,0.49999500000000197,0.019663210839073655,0.018932348368266065,0.1999980000000008,0.2999970000000012,0.01844912169609602,0.018406120978862798,0.0006393467195446069,4.087642277924502e-07,0.018460196520761998,0.01706852191130205,0.019660363403085492,0.0025918414917834413,-0.2784519128687309,-0.2539035056741219,1.0650137652095784,50.000000000001066,26,3.846153846153928,0.006162016280819956,9.375666662116391e-05,2.1378393453202102,4.553346288564713,2.521736147362998,0.13317335916116105,5.769230769230892,0.0,0.00042021484188620764,True,ok,
expert8,FBG2,expert8-FBG2-020,31.399686,31.599684,31.799682,0.3999960000000016,0.01974078659669206,0.01894745326335137,0.1999980000000008,0.1999980000000008,0.018863615706387726,0.0187741862469748,0.0005228850952194019,2.734088228026029e-07,0.018870861303636362,0.018048638461411234,0.019737939160703898,0.0016893006992926632,0.24937435032786098,-1.1478742674566613,1.0459479746640103,50.000000000001066,21,2.3809523809524316,0.003948632241954718,3.707477266027024e-05,1.7337476138567012,2.4703218325456806,2.220841656239069,0.048044556957728024,4.761904761904863,0.0,0.00046119223269330215,True,ok,
expert8,FBG2,expert8-FBG2-021,32.339676,32.659673,32.859671,0.5199950000000015,0.019992138578045444,0.0154267539626681,0.31999700000000075,0.1999980000000008,0.018731620417724065,0.018686097668860584,0.0007050564083344288,4.971045389334448e-07,0.01874488484927636,0.017255748018538294,0.019989291142057282,0.002733543123518988,-0.1351974769984986,-0.6863316480354822,1.0663864463712063,50.000000000001066,27,3.7037037037037828,0.006817470711524417,0.00010645772348213066,2.1745714587026646,4.395841023675337,3.0861408376841246,0.17589896702408403,5.555555555555674,0.0,0.00045012146527799744,True,ok,
expert8,FBG2,expert8-FBG2-022,33.199668,33.199668,34.119658,0.9199899999999985,0.0121836537295466,-0.00031583344982891046,0.0,0.9199899999999985,0.008595191057712104,0.008546051048800837,0.0019628808738000316,3.8529013247299765e-06,0.008816473821392772,0.005037869230654855,0.012180806293558437,0.007142937062903582,0.0766395393886077,-1.0719051956433894,1.3815961506064098,50.000000000001066,47,2.1276595744681304,0.022279505126078236,0.0012359511678152045,1.8745963972011297,2.1109768686427626,1.3085185033620121,0.021860152009156752,3.1914893617021955,0.0,0.00011864781255745748,True,ok,
expert8,FBG2,expert8-FBG2-023,34.479655,34.599654,34.919651,0.4399960000000007,-0.004933898717943116,-0.0016352273892604385,0.11999899999999997,0.31999700000000075,-0.0032978508463114083,-0.003481641258789047,0.0010801786030222905,1.166785814427187e-06,0.0034702458153485403,-0.00493674615393128,-0.0005501027972917718,0.004386643356639508,0.7303187877284208,-0.029054163202791194,1.4225926394310626,50.000000000001066,23,4.347826086956615,0.0047998591864429705,5.564742896994914e-05,2.0429368125007263,4.026955231064,2.886661464245661,0.12420159495691932,6.521739130434922,0.0,1.5358162725407836e-05,True,ok,
expert8,FBG2,expert8-FBG2-024,35.599644,35.799642,35.919641,0.31999700000000075,-0.0052669057109520625,0.0033810313519561644,0.1999980000000008,0.11999899999999997,-0.003643109790309147,-0.003840382517561097,0.0012322276864274837,1.518385071198429e-06,0.003845859333808867,-0.005269753146940226,-0.0007859069931382203,0.0044838461538020055,0.8492223467586291,-0.019333452823964148,1.370240741936123,50.000000000001066,17,2.941176470588298,0.005431866737094607,7.851431683286513e-05,1.7646699546633673,2.601720707581489,2.959480116746224,0.14343774578683016,5.882352941176596,0.0,2.3730358461004093e-05,True,ok,
expert8,FBG2,expert8-FBG2-025,37.419626,37.859621,39.839601,2.419975000000001,0.021372931118881153,0.0017004136363484175,0.43999499999999614,1.9799800000000047,0.010967917761337315,0.009047985780772393,0.004990780656852784,2.490789156481591e-05,0.012050025376914126,0.004534629137387328,0.02137008368289299,0.01683545454550566,0.6936447795468218,-0.8313027670322288,1.7734471932179139,50.000000000001066,122,0.4098360655737792,0.18596988221702193,0.06987555706075256,2.014789714249974,0.8909990208159374,0.9327983026676415,0.002681394219500427,1.2295081967213377,0.0,0.0003636674626467023,True,ok,
expert9,FBG2,expert9-FBG2-004,4.039959,4.119959,6.99993,2.9599710000000004,-0.053836710606095836,-0.03528172226103156,0.08000000000000007,2.8799710000000003,-0.034907640690882924,-0.03509391468529197,0.004374299089561251,1.9134492524936383e-05,0.035180646257974305,-0.053835616317083085,-0.0022778074592447175,0.051557808857838366,1.97532012657888,25.318602622041748,1.530262290303445,50.00000000000995,149,3.691275167785969,0.022332261340210536,0.0028887999737945294,3.9675215130953774,3.1636201350679514,3.4570072660707614,0.12174823835174126,4.697986577182142,0.0,0.0015771805155680929,True,ok,
expert9,FBG2,expert9-FBG2-005,7.159928,7.359926,7.559924,0.3999959999999998,-0.03645435629373769,-0.03523330734262493,0.1999979999999999,0.1999979999999999,-0.035300473681893714,-0.035187131468502365,0.0005491447906831518,3.015600011344425e-07,0.035304744754313194,-0.036453262004724936,-0.03451934592077993,0.0019339160839450045,-0.5543677119083297,-0.7047222167077405,1.0325315268076376,50.00000000000995,21,2.3809523809528548,0.003997540227438925,4.299579213522558e-05,1.9725798204515648,3.2607922165263723,2.823761668908519,0.1363170961228973,4.7619047619057095,0.0,0.0015879068415125415,True,ok,
expert9,FBG2,expert9-FBG2-006,8.699913,8.99991,9.099909,0.3999959999999998,-0.03576302762235507,-0.03548094137527452,0.2999969999999994,0.0999990000000004,-0.03492311215451186,-0.03504302890443767,0.0006058817316680532,3.6709267276907886e-07,0.03492836748589008,-0.03576193333334232,-0.0338028424242304,0.0019590909091119213,0.4442444139095097,-0.9920674344593183,1.0238650102324127,50.00000000000995,21,2.3809523809528548,0.004616255084029148,5.33027209110192e-05,1.8673554308451124,3.135895730609319,2.5288843413418145,0.12380922983753456,4.7619047619057095,0.0,0.0014980469759987693,True,ok,
expert9,FBG2,expert9-FBG2-007,9.559904,9.759902,11.879881,2.3199769999999997,-0.036463843473179186,,0.1999980000000008,2.119978999999999,-0.03507879843404572,-0.035082329603749386,0.0005596622270157217,3.132218083481972e-07,0.035083262695831986,-0.036462749184166435,-0.03355384475527202,0.002908904428894417,0.09559647608303161,-0.2848784903124204,1.0393203591209417,50.00000000000995,117,1.282051282051537,0.014315811243787982,0.0008756839291273821,3.6683371684936037,3.264773916721267,3.785520290192721,0.09566664060996756,5.128205128206148,0.0,0.0015808420275119494,True,ok,
expert9,FBG2,expert9-FBG2-008,12.059879,14.519854,14.719852,2.659972999999999,-0.03658242156171866,-0.03500090641022774,2.459975,0.199997999999999,-0.03509994919805477,-0.035095091841503515,0.0006363877507469155,4.0498936930071826e-07,0.035105717811708764,-0.03658132727270591,-0.033733658275029055,0.0028476689976768554,-0.15180157308725925,-0.42719484892292314,1.04203330833204,50.00000000000995,134,2.6119402985079825,0.017830144353361287,0.0016123585654975094,4.0237001915191035,3.3258460251822037,3.304828913564786,0.09394604234672237,4.850746268657682,0.0,0.001571394911940616,True,ok,
expert9,FBG2,expert9-FBG2-009,15.139848,15.199847,15.699843,0.5599949999999989,-0.035968435547746314,-0.03520323741252703,0.05999899999999947,0.49999599999999944,-0.03513215919943291,-0.03512908951050837,0.0005531165028085906,3.0593786567920563e-07,0.03513651302961034,-0.03596734125873356,-0.033672376223815866,0.0022949650349176967,0.7542899835543128,0.3739947403890329,1.023645722283912,50.00000000000995,29,3.4482758620696514,0.005274836236633758,6.345866563625999e-05,2.363196180030845,4.808612628305666,3.180419727579355,0.1945779549976881,6.896551724139303,0.0,0.0015388423589945573,True,ok,
expert9,FBG2,expert9-FBG2-010,15.93984,18.139818,18.339816,2.3999759999999988,-0.03685055675990935,-0.03489132599064997,2.1999780000000015,0.19999799999999723,-0.035116547562089574,-0.035152842424246364,0.0006606669220491814,4.364807818899392e-07,0.035122761757333226,-0.0368494624708966,-0.033593005594391226,0.003256456876505373,-0.09969830107159877,-0.3763502183929055,1.049161871879362,50.00000000000995,121,2.89256198347165,0.014584244071119518,0.0011615587060168947,3.853576159326591,3.135119575565505,3.554405134449545,0.08499815893866187,4.54545454545545,0.0,0.001556135335414748,True,ok,
expert9,FBG2,expert9-FBG2-011,18.699813,19.399806,19.599804,0.899991,-0.03636936794876146,-0.03561090641022254,0.6999930000000028,0.19999799999999723,-0.035167279436515486,-0.03518109417246812,0.0005679685915166486,3.225883209494056e-07,0.03517186562135871,-0.03636827365974871,-0.033900931002363355,0.002467342657385352,0.13836320166567387,-0.4076791306918155,1.0340160528096485,50.00000000000995,46,1.0869565217393466,0.0056333959703431385,9.703138100428167e-05,2.7448597601527513,3.479159576998125,3.385029751887188,0.15365409296097657,5.434782608696733,0.0,0.0015709232318084029,True,ok,
expert9,FBG2,expert9-FBG2-012,20.079799,21.93978,22.319777,2.239977999999997,-0.03657279452211645,-0.035249204778534965,1.8599809999999977,0.3799969999999995,-0.03536661142809939,-0.03550188671323992,0.0006876973043143089,4.729275823611672e-07,0.03537329687050009,-0.0365717002331037,-0.03329426433571414,0.0032774358973895606,0.5613083085999157,-0.20234287622006608,1.0338787579509738,50.00000000000995,113,1.3274336283188481,0.01134699572184595,0.0008708935179362862,4.028420203230933,3.5890203427322667,3.3056749673892716,0.10439345803545656,5.309734513275393,0.0,0.0016007961644387094,True,ok,
expert9,FBG2,expert9-FBG2-013,22.819771,23.899761,24.099758,1.279987000000002,-0.03743507890439841,-0.03548732832165356,1.0799900000000022,0.19999699999999976,-0.03582744597452901,-0.03572027832165415,0.0007033733673845991,4.947340939459502e-07,0.03583434971018368,-0.037433984615385656,-0.03450181678323462,0.002932167832151035,-0.5257805743120919,-0.33504958591904677,1.0446397079377552,50.00000000000995,65,2.3076923076927667,0.012468034962129393,0.00035301089527775895,2.932606799439499,3.362503854306872,3.9458521007640948,0.12624026599285007,4.615384615385533,0.0,0.001613675617511254,True,ok,
expert9,FBG2,expert9-FBG2-014,25.219747,25.89974,26.419735,1.1999879999999976,-0.03651365699294962,-0.03581738659670453,0.6799929999999996,0.519994999999998,-0.035450535114077864,-0.03544538321679587,0.000565000164418634,3.1922518579308355e-07,0.035455037231122186,-0.036512562703936866,-0.03422494032637562,0.0022876223775612423,0.03619781191814456,-1.0271724565478089,1.0298272278187426,50.00000000000995,61,4.918032786886225,0.00805709413545387,0.0002425876703502426,3.1568092378850277,4.316156318148497,3.8153122438122398,0.1441096133269282,5.737704918033929,0.0,0.0015684973146388964,True,ok,
expert9,FBG2,expert9-FBG2-015,27.039729,27.239727,27.439725,0.399995999999998,-0.03729689708620081,-0.03578584813513652,0.19999799999999723,0.1999980000000008,-0.035848087179481236,-0.03571570955710168,0.0007981103981925259,6.369802077030324e-07,0.03585697051669857,-0.03729580279718806,-0.034802329603721725,0.0024934731934663362,-0.5083077975530974,-1.1882079114092485,1.0401269895296767,50.00000000000995,21,4.7619047619057095,0.005640570486946231,8.489742145048021e-05,1.924741490087479,3.5105472324009996,3.1706256885422825,0.11942051333275189,4.7619047619057095,0.0,0.0016442897014175518,True,ok,
expert9,FBG2,expert9-FBG2-016,28.079719,28.459715,28.479715,0.399995999999998,-0.03622841223771642,-0.03537035862468688,0.37999599999999845,0.019999999999999574,-0.03554450409590841,-0.03570594265733189,0.0005566295652144873,3.098364728708692e-07,0.03554886225882511,-0.036227317948703666,-0.03447771421912348,0.0017496037295801833,0.4655353430714183,-1.0677092261167453,1.0190851590393764,50.00000000000995,21,4.7619047619057095,0.0035078643560872867,2.9862740160114198e-05,2.1378581690023517,4.261646542098424,3.298748728407786,0.23969675647921074,7.142857142858564,0.0,0.0015609437128255186,True,ok,
expert9,FBG2,expert9-FBG2-017,28.859711,29.059709,29.9197,1.059988999999998,-0.03699300431230944,-0.03596682715616212,0.1999980000000008,0.8599909999999973,-0.03569018810326408,-0.035876280652676285,0.0007658248165450456,5.864876496362527e-07,0.03569840352867352,-0.03699191002329669,-0.03410832027977547,0.0028835897435212157,0.2007816519865424,-1.0024343617500138,1.0362342952839392,50.00000000000995,54,1.8518518518522202,0.009984812950642323,0.0003060746199541537,2.6764594179783487,2.889248587993782,2.3149878455218627,0.06676028130488824,3.7037037037044405,0.0,0.0016331249637482747,True,ok,
expert9,FBG2,expert9-FBG2-018,30.599693,31.639683,31.839681,1.2399880000000003,-0.03729011386937006,,1.039990000000003,0.19999799999999723,-0.03566887491027056,-0.03557512680654368,0.0007854250765559879,6.168925508829794e-07,0.03567752135330327,-0.03728901958035731,-0.034228693240099986,0.0030603263402573244,-0.40429801373039603,-0.7456987734509868,1.0451684468518954,50.00000000000995,63,1.5873015873019032,0.011345927109203097,0.00046720344163924576,2.836903068248528,2.577388312676986,2.515977960027902,0.04751576567760675,3.968253968254758,0.0,0.0016107137087083576,True,ok,
expert9,FBG2,expert9-FBG2-019,31.999679,32.89967,33.219667,1.2199880000000007,-0.03713188543117753,-0.036223260722614475,0.899991,0.31999700000000075,-0.035881958523197074,-0.03587962564102634,0.000673647838748868,4.538014106510209e-07,0.03588828149788015,-0.037130791142164776,-0.03409736456878329,0.003033426573381487,0.36006694965174585,-0.4670266358584212,1.0346215977033624,50.00000000000995,62,1.6129032258067726,0.009432539538449237,0.0002988032308562773,2.8134897375136365,3.769977202997487,4.517795077413261,0.09020538064147196,4.032258064516931,0.0,0.0016113625394014294,True,ok,
expert9,FBG2,expert9-FBG2-020,33.539664,37.359626,37.95962,4.419955999999999,-0.03779351713287826,-0.03620044020975035,3.8199619999999967,0.5999940000000024,-0.03613538888679011,-0.03619936923074707,0.0006562227197808393,4.3062825795656205e-07,0.03614134693474374,-0.03779242284386551,-0.03459356503498391,0.0031988578088816,0.1570950270166771,-0.6280181010394523,1.045683851022568,50.00000000000995,222,2.4774774774779704,0.02167571233216663,0.003987690945110806,4.609457993120735,3.305191548635711,3.3230880336958166,0.07670660071537826,4.504504504505401,0.0,0.0016705969713263946,True,ok,
expert9,FBG2,expert9-FBG2-021,38.639613,38.839611,39.039609,0.3999960000000016,-0.03731046351975685,-0.03642962435889435,0.1999980000000008,0.1999980000000008,-0.03649664528803549,-0.036529648951072725,0.0003857267472720115,1.4878512356104624e-07,0.03649868357083915,-0.0373093692307441,-0.035917271328694114,0.0013920979020499852,-0.4336972623184444,-0.5839081384666014,1.022211367112228,50.00000000000995,21,2.3809523809528548,0.0025314857532335033,1.8303776793817056e-05,2.3412764834241075,3.9515424129573256,3.9081881315508857,0.2751003462325385,7.142857142858564,0.0,0.0016831325734751378,True,ok,
expert9,FBG2,expert9-FBG2-022,39.559604,39.8796,40.239597,0.6799930000000032,-0.037164775874107894,-0.03615391340321142,0.3199960000000033,0.3599969999999999,-0.03607991468530799,-0.03603258601396146,0.000587886463080154,3.4561049347289333e-07,0.03608470388118179,-0.03716368158509514,-0.034990837762261695,0.002172843822833448,0.02379215103051526,-0.7288230878735944,1.029901248669413,50.00000000000995,35,2.8571428571434256,0.0074330510308947256,0.00011122308230207792,2.043218655341025,3.5815041402865395,2.542297539222225,0.08982821636517087,4.285714285715138,0.0,0.0016405021555746437,True,ok,
expert9,FBG2,expert9-FBG2-023,40.699592,41.499584,41.699582,0.9999899999999968,-0.03747076655005796,-0.03655085979019947,0.799991999999996,0.1999980000000008,-0.03620481783445089,-0.03630871655012731,0.0005951888182019065,3.542497293125821e-07,0.0362097098049002,-0.03746967226104521,-0.034681840093241205,0.002787832167804004,0.40150154333226834,-0.2735960777186395,1.0347962594269258,50.00000000000995,51,1.9607843137258802,0.009497630669660822,0.0002547648244592169,2.727816372020117,2.9840816543015505,3.2866202703107956,0.10349722174719855,3.9215686274517605,0.0,0.0016522343208729975,True,ok,
expert9,FBG2,expert9-FBG2-024,41.999579,42.359576,42.559574,0.5599950000000007,-0.03718221177151408,-0.03653067330999983,0.3599969999999999,0.1999980000000008,-0.03623695061491352,-0.03629197995339745,0.0006060676656422394,3.6731801533703333e-07,0.03624201854040443,-0.03718111748250133,-0.03492834358976736,0.0022527738927339697,0.5492460076786381,-0.4836642846581616,1.025911882944653,50.00000000000995,29,1.7241379310348257,0.0064069451124074755,8.211927082406714e-05,1.7117730327289227,3.0753892620557517,2.468812140156776,0.07518609562499286,3.4482758620696514,0.0,0.0016478800329247062,True,ok,
expert9,FBG2,expert9-FBG2-025,42.89957,42.95957,43.299566,0.3999960000000016,-0.03698435629364668,-0.036571162820497355,0.060000000000002274,0.3399959999999993,-0.036394124475515904,-0.03649074452214515,0.0003973708194636791,1.5790356816123587e-07,0.03639629376608979,-0.03698326200463393,-0.0354181337995612,0.0015651282050727286,1.0657350282937645,0.45913912719788774,1.0161271431183747,50.00000000000995,21,2.3809523809528548,0.0028037363064392956,2.519894478228276e-05,2.29763268914089,4.073216078348844,3.427725021716619,0.17179085758083476,7.142857142858564,0.0,0.001630903633126178,True,ok,
expert9,FBG2,expert9-FBG2-026,43.799561,43.999559,44.199557,0.3999960000000016,-0.03759333065259352,-0.03667196701628051,0.1999980000000008,0.1999980000000008,-0.036479743301140254,-0.036483658275066194,0.0005872169873934103,3.448237902833926e-07,0.03648446923154249,-0.03759223636358077,-0.035509182750627255,0.0020830536129535157,-0.2734989056974668,-0.7439570027280769,1.0303627037852194,50.00000000000995,21,4.7619047619057095,0.004375758243033642,4.6952200386948436e-05,1.8951148389030166,3.692641337672979,2.473245057252187,0.08482861364901358,4.7619047619057095,0.0,0.0016799070799078336,True,ok,
expert9,FBG2,expert9-FBG2-027,44.419555,44.87955,45.079548,0.659993,-0.03783904160833232,-0.036200346969667944,0.45999499999999927,0.1999980000000008,-0.036575530618382084,-0.03663625734261681,0.0006522571165120933,4.2543934604067054e-07,0.036581346057276865,-0.03783794731931957,-0.03535834358973538,0.0024796037295841886,0.03735551156267627,-0.7883971987515652,1.0343508754455124,50.00000000000995,34,1.4705882352944102,0.006855020820847061,0.00010220774215579937,1.7658450770649399,2.995535470987135,3.2061777769480337,0.09178678335635125,2.9411764705888204,0.0,0.0016761329378300507,True,ok,
expert9,FBG2,expert9-FBG2-028,45.519544,46.559534,46.759531,1.2399869999999993,-0.03834911153840925,,1.039989999999996,0.1999970000000033,-0.03660909247047946,-0.03666939254075129,0.0007381577603355192,5.448768791435498e-07,0.03661653353870705,-0.0383480172493965,-0.03477855337992444,0.0035694638694720587,0.27545206177915904,0.5163032027918195,1.0472869368931146,50.00000000000995,63,1.5873015873019032,0.012478048540342363,0.0005703795407905475,3.0843958675582925,2.9343171194237283,2.7123161867596375,0.0932914823527133,3.968253968254758,0.0,0.0017019434565462785,True,ok,
expert9,FBG2,expert9-FBG2-029,46.91953,47.459525,48.039519,1.1199889999999968,-0.038159904079199315,-0.036702514801833064,0.5399949999999976,0.5799939999999992,-0.03672273936938595,-0.03666447412584371,0.0005720218445293776,3.272089906187914e-07,0.036727194226927655,-0.038158809790186564,-0.03571149044294888,0.0024473193472376864,-0.7577239673177577,0.04751183015402782,1.038979714987574,50.00000000000995,57,1.7543859649126297,0.00949164336579983,0.0003544689977716979,2.6787835662349444,2.311876200679432,2.0712011095337663,0.03711118760972672,3.5087719298252593,0.0,0.0017109214706084392,True,ok,
expert9,FBG2,expert9-FBG2-030,48.319516,48.979509,49.8595,1.539983999999997,-0.0381503003496405,-0.03643652412580479,0.659993,0.8799909999999969,-0.036849511780528164,-0.036985721212095674,0.000731594835191187,5.352310028784201e-07,0.03685677345436198,-0.03814920606062775,-0.03503321538459646,0.0031159906760312925,0.43274183957134565,-0.42075589791676293,1.0350663523996784,50.00000000000995,78,1.9230769230773057,0.015269582698682255,0.0008295162904549002,3.0663645092427236,2.980573989993827,2.6357755567647714,0.05390908312492475,5.769230769231917,0.0,0.0017368938574199187,True,ok,
expert9,FBG2,expert9-FBG2-031,50.179497,51.619483,52.519474,2.3399770000000046,-0.0388557315850551,-0.0370770952214064,1.4399860000000047,0.899991,-0.03687331948953473,-0.03683419440561037,0.0006980419494252661,4.872625631574257e-07,0.03687992614879345,-0.03885463729604235,-0.035558390209768774,0.0032962470862735738,-0.6606065668703144,0.6011786608951515,1.0535443357256695,50.00000000000995,118,0.42372881355940634,0.01857494327684466,0.001762801213250997,3.814722644159827,3.1079736883329283,3.087393382640524,0.06759060796307259,5.084745762712876,0.0,0.001775956254359646,True,ok,
expert9,FBG2,expert9-FBG2-032,52.739472,52.93947,54.259457,1.5199849999999984,-0.03872260804190619,-0.03679787610720535,0.1999980000000008,1.3199869999999976,-0.03725570652981413,-0.037249532400865946,0.0006316821623688199,3.990223542549482e-07,0.03726106132935413,-0.03872151375289344,-0.03604109417246934,0.002680419580424101,-0.11235255701221926,-0.5347363801448997,1.0391951375359447,50.00000000000995,77,2.5974025974031143,0.01248482532878923,0.0004360045649278968,3.1741510180671018,3.6336637068059474,2.6004373465402155,0.12490492246052397,5.194805194806229,0.0,0.0017564883516862746,True,ok,
expert9,FBG2,expert9-FBG2-033,54.91945,55.119448,55.319446,0.3999960000000016,-0.038221116200406885,-0.03718559172486986,0.1999980000000008,0.1999980000000008,-0.03740663307800712,-0.03750528997667582,0.0005761891677719621,3.319939570577462e-07,0.03741107044966387,-0.038220021911394134,-0.03620286573424481,0.002017156177149322,0.5082266917975667,-0.9026947962663776,1.0216233176973295,50.00000000000995,21,2.3809523809528548,0.0033780294691834576,2.738611673986724e-05,2.111606496137484,3.2773791257977383,3.468234062080842,0.16417313613491408,4.7619047619057095,0.0,0.001763435350878923,True,ok,
expert9,FBG2,expert9-FBG2-034,55.519444,55.799441,56.379436,0.8599919999999983,-0.03821601130533184,-0.03704409988343659,0.2799970000000016,0.5799949999999967,-0.03697886541638811,-0.036946630302987116,0.0006062371328487681,3.67523461244695e-07,0.03698383445432056,-0.038214917016319086,-0.03552258601395693,0.0026923310023621583,0.05185203982223005,-0.6398655421218544,1.0332870450066247,50.00000000000995,44,4.54545454545545,0.008685780962390281,0.0001459482327261333,2.3863130206367464,5.470788215512773,3.875658882589035,0.19498982990860156,5.681818181819312,0.0,0.001717036469981775,True,ok,
expert9,FBG2,expert9-FBG2-035,56.619433,57.539424,58.199417,1.579983999999996,-0.038636057925347744,-0.037303878438175404,0.919990999999996,0.659993,-0.03738896713285851,-0.03738588438230059,0.000793438997228724,6.295454423233231e-07,0.03739738505168907,-0.03863496363633499,-0.035535103496543506,0.003099860139791487,0.26154211787051296,-0.9374507625477095,1.0330926502731514,50.00000000000995,80,3.1250000000006217,0.018241401529519564,0.0008229553647649187,2.8436721964084746,3.1469884207648886,2.1879584628945596,0.05222706326015624,4.37500000000087,0.0,0.0017768076929893823,True,ok,
expert9,FBG2,expert9-FBG2-036,58.89941,59.099408,59.539403,0.6399929999999969,-0.03850193205125205,-0.036939146503411374,0.19999799999999368,0.43999500000000324,-0.03742785761108022,-0.037422539393959786,0.00048394422237523356,2.342020103703695e-07,0.037430986192801094,-0.038500837762239296,-0.03664678181817858,0.0018540559440607188,-0.24538781764805098,-0.9296639581008064,1.0285819765455166,50.00000000000995,33,3.0303030303036333,0.004442286553827817,4.423636625506512e-05,2.1692394957706944,3.6917665978575798,3.6565504757838068,0.18104679059731915,6.060606060607267,0.0,0.001755897369325168,True,ok,
expert9,FBG2,expert9-FBG2-037,59.759402,60.89939,61.639382,1.8799799999999962,-0.03874608123536623,-0.03741141923075871,1.1399879999999953,0.7399920000000009,-0.037486746239723125,-0.03750414778557626,0.0006785412187333455,4.604181855201338e-07,0.0374928868163938,-0.03874498694635348,-0.03584186340332393,0.0029031235430295455,0.24853738705412046,-0.8621402352944645,1.0333956714533967,50.00000000000995,95,1.5789473684213666,0.012806157233125967,0.0007035524798621214,3.3543278039343707,3.452555390476461,3.571106933414523,0.08009095451788255,5.263157894737889,0.0,0.0017809565474788491,True,ok,
expert9,FBG2,expert9-FBG2-038,61.93938,62.039379,62.339375,0.399994999999997,-0.03809922808854666,-0.03734207191136679,0.09999899999999684,0.29999600000000015,-0.037444988056369116,-0.037532842424208526,0.0005242288885884199,2.7481592763065e-07,0.037448657472187924,-0.03809813379953391,-0.03630100093239142,0.0017971328671424897,0.8057444692090812,-0.5566085954482864,1.0173431137772653,50.00000000000995,21,2.3809523809528548,0.003996635670897694,4.3567206023512044e-05,1.8908268070195862,3.263000175397775,2.3589579461339216,0.0530425371959555,4.7619047619057095,0.0,0.0017167809861287496,True,ok,
expert9,FBG2,expert9-FBG2-039,63.199367,64.379355,65.159347,1.9599799999999945,-0.03884039358970865,-0.037641675640979956,1.1799880000000016,0.7799919999999929,-0.037532795333284075,-0.03760132727271074,0.0006800748077583391,4.625017441475419e-07,0.037538956129257756,-0.0388392993006959,-0.03614724801868219,0.002692051282013712,0.05116816442813128,-1.0367154777327001,1.0346398330033653,50.00000000000995,99,4.0404040404048445,0.015485371001593733,0.0009037709021341257,3.4166400403305075,4.105089775522396,3.028754411170765,0.08681277627538898,5.050505050506056,0.0,0.001804933876387214,True,ok,
expert9,FBG2,expert9-FBG2-040,66.359335,66.559333,66.759331,0.3999960000000016,-0.03885899498833888,-0.038030393589725625,0.19999799999999368,0.1999980000000079,-0.038168511199908044,-0.03814841351981283,0.00031144867399554896,9.700027653358575e-08,0.03816978186332796,-0.038857900699326126,-0.03776818041955762,0.0010897202797685024,-0.7278003639990668,-0.41171146608769993,1.0180278430320107,50.00000000000995,21,2.3809523809528548,0.0022834212338754996,1.4595160468921972e-05,2.1612149223351884,3.605769175661327,3.512178466198178,0.22575253182298566,4.7619047619057095,0.0,0.0018337265496446375,True,ok,
expert9,FBG2,expert9-FBG2-041,67.339325,68.219317,68.279317,0.9399920000000037,-0.03891044020977558,-0.03796979918412308,0.8799920000000014,0.060000000000002274,-0.03772755250584244,-0.03768336689978889,0.0005842520871221566,3.4135050130659595e-07,0.03773207612340467,-0.03890934592076283,-0.03668964895102599,0.0022196969697368396,-0.24510570388416716,-0.8198742189731392,1.0312007691680638,50.00000000000995,48,4.166666666667496,0.004791075223796792,7.845929121005386e-05,2.932209385806885,4.150964176677759,3.998769241157344,0.20365975127315875,5.2083333333343695,0.0,0.0017811928740633363,True,ok,
expert9,FBG2,expert9-FBG2-042,69.399305,69.8993,70.099298,0.6999930000000063,-0.039275801515078354,-0.03783426305361618,0.4999949999999984,0.1999980000000079,-0.038226638720570305,-0.038213157109569976,0.0006198804437238787,3.8425176451131277e-07,0.038231664358716014,-0.0392747072260656,-0.037200464801933356,0.002074242424132247,-0.07128015457667407,-1.1902478196506356,1.0272821726400148,50.00000000000995,36,4.166666666667496,0.007566555760767464,0.00010665442388398543,1.8353998790561363,4.4343696548069955,3.0276827682649032,0.08139703468334863,5.555555555556661,0.0,0.0018226523709897239,True,ok,
expert9,FBG2,expert9-FBG2-043,70.579293,71.779281,72.339275,1.7599819999999937,-0.03875503228435351,-0.0374139367132399,1.1999879999999905,0.5599940000000032,-0.03763989828973599,-0.03765461398607386,0.0005281687600207266,2.7896223906183184e-07,0.03764360377940364,-0.038753937995340756,-0.03621682843821414,0.0025371095571266183,0.30452587434546535,0.05979374399119308,1.0294959595910058,50.00000000000995,89,2.247191011236402,0.01087131119735557,0.0005203677274834609,3.523401845230685,4.101743822119753,2.988344613989541,0.11463817656505476,6.179775280900105,0.0,0.0017953424099464192,True,ok,
expert9,FBG2,expert9-FBG2-044,72.83927,73.039268,75.019249,2.179979000000003,-0.03948044020975637,-0.03827806258742733,0.1999980000000079,1.979980999999995,-0.03782511981354573,-0.037736327272741434,0.0006847575393215024,4.688928876576389e-07,0.03783131747371149,-0.03947934592074362,-0.03634913613057416,0.0031302097901694595,-0.20560922579632898,-0.546808388553194,1.043562544396645,50.00000000000995,110,3.6363636363643597,0.013613494673185018,0.001017329229204539,3.869250973408878,3.770662776729304,3.6766908481328993,0.09542829649392695,5.000000000000995,0.0,0.0018120813468606146,True,ok,
expert9,FBG2,expert9-FBG2-045,75.319246,75.519243,75.85924,0.539993999999993,-0.03922472925404864,-0.038088353962717744,0.1999969999999962,0.3399969999999968,-0.03823186340328182,-0.038316140792584365,0.000754995675635267,5.700184702279532e-07,0.038239317433205154,-0.03922363496503589,-0.03698351841493103,0.0022401165501048648,0.26624816335528584,-1.379619200036581,1.0257409806948072,50.00000000000995,28,1.785714285714641,0.005590429152266656,9.967723759662631e-05,2.4661220679029787,3.510494164236787,3.4240954923760922,0.1706749902255434,5.3571428571439235,0.0,0.0018532506811639426,True,ok,
expert9,FBG2,expert9-FBG2-046,77.379225,78.739211,81.299186,3.9199610000000007,-0.039774123193475924,-0.0379893213287038,1.3599859999999921,2.5599750000000085,-0.0382419278904233,-0.03816811048953427,0.0005966657050808078,3.560099636195775e-07,0.03824658231450171,-0.03977302890446317,-0.03696748111889818,0.0028055477855649935,-0.20859537231149486,-0.522318415555973,1.0399106664592797,50.00000000000995,197,3.807106598985529,0.02100151256949078,0.0027654821774063154,4.330684315109293,3.7616797868165297,3.33445802223464,0.09132566670276865,5.329949238579741,0.0,0.001857443435101323,True,ok,
expert9,FBG2,expert9-FBG2-047,81.81918,82.019179,82.519174,0.6999940000000038,-0.039345545104947435,-0.0381175497668841,0.19999899999999116,0.4999950000000126,-0.03837286897181442,-0.038478600000052904,0.0006513229329708947,4.2422156301380857e-07,0.038378396197483955,-0.039344450815934684,-0.03705575617718039,0.0022886946387542934,0.5754355218377689,-0.5943249382817051,1.0251718340047273,50.00000000000995,36,1.3888888888891653,0.007941567046764039,0.00012364296751502156,1.9024819669561093,2.8815028082464944,3.314031825443101,0.060851114507625766,4.166666666667496,0.0,0.0018647983368078797,True,ok,
expert9,FBG2,expert9-FBG2-048,82.83917,83.039168,83.679162,0.8399920000000094,-0.039284076573428986,-0.038066710606040256,0.1999980000000079,0.6399940000000015,-0.03804903909582961,-0.038004217715672084,0.0005761949955720951,3.3200067292232667e-07,0.03805340164543628,-0.039282982284416235,-0.03706309883451564,0.002219883449900595,-0.39520705055271266,-0.686082036631253,1.0323119770063294,50.00000000000995,43,1.16279069767465,0.005937187731567284,8.452917247510121e-05,2.3605093077782295,3.5665398612539474,4.128592142900986,0.16632234176886865,4.6511627906986,0.0,0.0018424220222933517,True,ok,
expert9,FBG2,expert9-FBG2-049,84.239156,84.439154,84.639152,0.3999960000000016,-0.039464659324035464,-0.037791815501166615,0.1999980000000079,0.19999799999999368,-0.03850450853595271,-0.0384649170163785,0.00048348932438720924,2.3376192679640007e-07,0.038507543930015216,-0.03946356503502271,-0.03769184009327276,0.0017717249417499512,-0.12043466491852578,-0.5191354954187131,1.0248268522849704,50.00000000000995,21,2.3809523809528548,0.003187068193388514,2.874585917655187e-05,2.1058199133266875,3.2170839295731635,3.221520136767257,0.1856490460345121,4.7619047619057095,0.0,0.001877681949653098,True,ok,
expert9,FBG2,expert9-FBG2-050,84.87915,85.539143,85.739141,0.8599910000000079,-0.03969843554777956,-0.037882211771548255,0.659993,0.1999980000000079,-0.03823862913757056,-0.03826351841497109,0.0005959114117193922,3.551104106173989e-07,0.03824327220219626,-0.03969734125876681,-0.03698447412594687,0.0027128671328199433,-0.07182259168487475,0.18400406885942466,1.038021564914287,50.00000000000995,44,1.1363636363638625,0.0076992686126227585,8.74010458024817e-05,1.7279265366599863,2.0079924290244664,2.395001563621495,0.061945615892173574,3.4090909090915877,0.0,0.0018508136643927144,True,ok,
expert9,FBG2,expert9-FBG2-051,85.999139,86.679132,87.299126,1.2999870000000016,-0.039898505477887626,-0.03862559172498853,0.6799929999999961,0.6199940000000055,-0.03827854843545194,-0.03816334358982419,0.0008056541407386394,6.490785944893155e-07,0.03828702585628361,-0.039897411188874875,-0.03656337855481098,0.0033340326340638923,-0.21550049583831143,-0.5922193851311754,1.0420608625657188,50.00000000000995,66,5.303030303031358,0.009728694426646454,0.0005092551608857699,3.3449432455463435,3.3803730948226245,3.1397349366590475,0.08406500728298469,5.303030303031358,0.0,0.0018780093371163513,True,ok,
expert9,FBG2,expert9-FBG2-052,87.499124,88.339115,88.91911,1.4199860000000086,-0.03977542855472605,-0.03863097634038871,0.8399910000000119,0.5799949999999967,-0.038225411383102564,-0.03812042983689026,0.0006179645210423531,3.818801492671048e-07,0.03823040616520696,-0.0397743342657133,-0.03710153706294533,0.0026727972027679667,-0.5215127403114342,-0.29353608356246674,1.040384820758495,50.00000000000995,72,2.083333333333748,0.013871870891479383,0.0005779313673469374,2.708370861314578,2.4718285783946192,2.819172524214539,0.04595886782953829,2.7777777777783306,0.0,0.001869171316382052,True,ok,
expert9,FBG2,expert9-FBG2-053,89.399105,89.599102,90.219096,0.8199909999999875,-0.03989717680654693,-0.03832815582751441,0.1999969999999962,0.6199939999999913,-0.038946590898055564,-0.03911816876461735,0.000580294142271642,3.3674129155478075e-07,0.03895091377454526,-0.03989608251753418,-0.03744062797207902,0.002455454545455163,0.9174237671985539,0.18228768547134333,1.024265637218673,50.00000000000995,42,2.3809523809528548,0.007098194398804989,0.00015922377020828574,2.4315389782921626,3.229113858831821,2.198461630443712,0.047017982554498336,4.7619047619057095,0.0,0.001863149916814581,True,ok,
expert9,FBG2,expert9-FBG2-054,90.639092,90.959089,91.159087,0.5199949999999944,-0.039997200116624054,-0.03840685046621759,0.31999700000000075,0.19999799999999368,-0.038827372338836784,-0.03889936923082406,0.0006664544826582853,4.441615774553228e-07,0.038833091614190636,-0.0399961058276113,-0.03762111748255592,0.0023749883450553816,0.16558741441012972,-0.7502941559420471,1.0299490502835904,50.00000000000995,27,3.7037037037044405,0.0071429357808730455,9.846248440200926e-05,1.6265730680554185,3.6387816937137956,2.142603884999212,0.05732602611856631,5.55555555555666,0.0,0.0018980105143219708,True,ok,
expert9,FBG2,expert9-FBG2-055,91.399085,91.719081,91.799081,0.3999960000000016,-0.039272514801776626,-0.038391897086218756,0.3199960000000033,0.0799999999999983,-0.03859143716284596,-0.03849731794875116,0.0004125904550917852,1.7023088363284644e-07,0.038593642652353,-0.039271420512763874,-0.03791820372964312,0.001353216783120753,-0.34154307324515265,-1.1443692844119195,1.0175619043404691,50.00000000000995,21,2.3809523809528548,0.002310807534640543,1.6104743700557606e-05,2.3509183433795338,4.635794979600234,4.494548028947787,0.3058436181390795,7.142857142858564,0.0,0.0018485861069075043,True,ok,
expert9,FBG2,expert9-FBG2-056,92.059078,92.959069,93.159067,1.0999889999999937,-0.0398332374125204,-0.03900908822844114,0.899991,0.19999799999999368,-0.03888033076923576,-0.03889053473193474,0.0005595526637843334,3.1309918354814326e-07,0.03888435700778309,-0.03983214312350765,-0.03758960233108006,0.00224254079242759,0.3621855881592054,-0.5403387359275813,1.0243744834339128,50.00000000000995,56,1.785714285714641,0.008312694658828185,0.0002553562729715682,2.967520627395026,2.933213401745311,3.5311883308078116,0.10079346948898871,5.3571428571439235,0.0,0.001883685733943886,True,ok,
expert9,FBG2,expert9-FBG2-057,93.639062,94.259056,94.459054,0.8199919999999992,-0.04006608123535406,-0.03881978752910002,0.6199940000000055,0.19999799999999368,-0.03871554916196401,-0.03876018508162428,0.0006818049429147547,4.648579801829919e-07,0.03872155220148897,-0.04006498694634131,-0.037345266666718384,0.002719720279622924,-0.05356818140946292,-0.8112063970778078,1.0346947544318918,50.00000000000995,42,1.1904761904764274,0.009673960114119683,0.0001524870011857708,1.7843842491082071,2.6002705641242274,3.3897103501822325,0.08738243962519394,2.3809523809528548,0.0,0.0018316103382423122,True,ok,
expert9,FBG2,expert9-FBG2-058,94.679052,94.979049,95.079048,0.3999960000000016,-0.03929538193472753,-0.03848228170164574,0.29999700000000473,0.09999899999999684,-0.03827958124102306,-0.03827274918417749,0.000616793126146449,3.8043376046150935e-07,0.03828455006590186,-0.03929428764571478,-0.037072282983757164,0.0022220046619576134,0.16518177944272092,-0.9686304502650724,1.0263745447726247,50.00000000000995,21,4.7619047619057095,0.003923309404315259,3.637483433910287e-05,2.347922292289786,5.615695286175296,4.057802620052156,0.35259171512210175,7.142857142858564,0.0,0.0018187159584185332,True,ok,
expert9,FBG2,expert9-FBG2-059,95.219046,95.419044,95.719041,0.4999949999999984,-0.039468552097939084,-0.03847493904431023,0.19999799999999368,0.29999700000000473,-0.03825916571638766,-0.0381193808858572,0.0006038589715849009,3.646456575635742e-07,0.038263930887607156,-0.03946745780892633,-0.037179672261148794,0.002287785547777539,-0.5404490249658136,-0.5388774085499142,1.0314533006254454,50.00000000000995,26,3.8461538461546114,0.005861539170638615,7.828582934995906e-05,1.836761128123626,3.601056138332653,2.3926419506513548,0.09242471705092077,5.769230769231918,0.0,0.0018367441094859162,True,ok,
expert9,FBG2,expert9-FBG2-060,96.339035,96.539033,96.739031,0.3999960000000016,-0.040087759557087356,,0.1999980000000079,0.19999799999999368,-0.03927528775668114,-0.03940146713285581,0.0005639512472676489,3.180410092947369e-07,0.03927933641724873,-0.040086665268074605,-0.03830496363636255,0.0017817016317120543,0.06802676383200013,-1.186394107755228,1.0205535257075107,50.00000000000995,21,2.3809523809528548,0.004142694478048574,3.5110679308711896e-05,1.7431383126360602,3.413859566888953,2.6554629860613423,0.13871493394943973,4.7619047619057095,0.0,0.0019305193708952298,True,ok,
expert9,FBG2,expert9-FBG2-061,96.899029,96.999028,98.959009,2.059979999999996,-0.03997775955711332,-0.03907491573419519,0.09999899999999684,1.959980999999999,-0.03881377639412356,-0.038973052214463316,0.000647465913105447,4.1921210863347024e-07,0.03881917631894908,-0.03997666526810057,-0.037073052214527634,0.002903613053572937,0.7769985074725491,-0.1525690583525403,1.0298174525817148,50.00000000000995,104,1.9230769230773057,0.017273286142040732,0.001068504334802867,3.042089392097795,2.4595034641797113,2.4254671037915214,0.043367031814848835,3.365384615385285,0.0,0.0019189242211646376,True,ok,
expert9,FBG2,expert9-FBG2-062,99.279006,99.479004,99.839,0.5599940000000032,-0.040397899417177724,-0.0391540882284169,0.1999980000000079,0.3599959999999953,-0.038872401945167966,-0.03879249277388724,0.0004897234660919358,2.398290732410995e-07,0.03887548664724262,-0.04039680512816497,-0.03816517342662901,0.002231631701535966,-1.1177451872902957,1.3304552536210839,1.0391331044863013,50.00000000000995,29,3.4482758620696514,0.004510481198058201,5.2417153668565275e-05,2.6022669888877146,5.185236982554683,4.551295326511808,0.3418146439997396,10.344827586208954,0.0,0.0018885265785107208,True,ok,
expert9,FBG2,expert9-FBG2-063,100.138997,101.618982,103.958959,3.8199619999999896,-0.040557176806562845,-0.038880556759896566,1.4799849999999992,2.3399769999999904,-0.038937853715028725,-0.03888418275058396,0.0006429864484351652,4.134315728712673e-07,0.03894316221759409,-0.04055608251755009,-0.03779361165502853,0.002762470862521564,-0.31218882700793277,-0.6093850767837803,1.041417291460407,50.00000000000995,192,2.083333333333748,0.017908805315004734,0.002907040371844595,4.58794305900009,3.279155673132716,2.9723965511272503,0.07190534261806976,4.947916666667651,0.0,0.0019548477734109976,True,ok,
expert9,FBG2,expert9-FBG2-064,104.338955,105.258946,105.458944,1.119989000000004,-0.04008221177151011,-0.039561652330931465,0.919990999999996,0.1999980000000079,-0.0389264456631206,-0.03885116410256679,0.0005950448351701094,3.540783558626226e-07,0.03893099344121266,-0.04008111748249736,-0.03766281911422965,0.002418298368267714,-0.003556384826193273,-0.6136749797085033,1.0295426327360855,50.00000000000995,57,4.385964912281574,0.008335449305345159,0.00023579537766038367,2.971388257306872,4.150452400556631,3.504186668675611,0.10956132017594661,5.263157894737889,0.0,0.0018934963182052518,True,ok,
expert9,FBG2,expert9-FBG2-065,105.91894,106.938929,107.738921,1.8199809999999985,-0.040402305011622015,-0.03928759638690016,1.0199889999999954,0.7999920000000031,-0.038944278271013155,-0.03900988205129054,0.000673852960934472,4.540778129601551e-07,0.03895010767460171,-0.040401210722609264,-0.037426292307765764,0.0029749184148435,-0.00941691866658239,-0.7021556560959161,1.037255430976736,50.00000000000995,92,1.63043478260902,0.013765688827760468,0.0007727252098718815,3.2797640607583145,3.2617634988131528,3.1218214850541988,0.08156800554903931,4.8913043478270595,0.0,0.0019436002151966831,True,ok,
expert9,FBG2,expert9-FBG2-066,108.218916,108.558913,108.758911,0.5399950000000047,-0.039965871445195866,-0.039151139510481194,0.339997000000011,0.19999799999999368,-0.038740595504524813,-0.038684392540846865,0.0007070497826980431,4.999193952133498e-07,0.03874704710607534,-0.039964777156183115,-0.037804101165503215,0.0021606759906799,-0.40923736435124314,-1.2466864192741351,1.0314276865221257,50.00000000000995,28,1.785714285714641,0.005075746980745836,7.358368695248019e-05,2.163938442118353,4.120256664884896,3.3714350178463537,0.15540879156665163,5.3571428571439235,0.0,0.0018769341613098737,True,ok,
expert9,FBG2,expert9-FBG2-067,108.958909,108.978909,109.358905,0.39999599999998736,-0.03990025372950479,-0.03872081317015348,0.01999999999999602,0.37999599999999134,-0.03880281467421765,-0.03856358834500529,0.0007819332525358407,6.114196114212789e-07,0.03881069242171675,-0.039899159440492035,-0.03745573286716168,0.002443426573330354,-0.02817517827076626,-1.3798540914853685,1.0280455449479748,50.00000000000995,21,2.3809523809528548,0.005471594894589586,6.794503148545815e-05,2.0005653935199987,3.1078003149992304,2.8428719410915315,0.1617814476401716,4.7619047619057095,0.0,0.001822805300000455,True,ok,
expert9,FBG2,expert9-FBG2-068,109.638902,109.8389,110.478894,0.8399919999999952,-0.04122067330999117,-0.039089962354260537,0.19999799999999368,0.6399940000000015,-0.039368482365692334,-0.039287667599046255,0.000799700523303273,6.395209269715287e-07,0.0393766037731138,-0.04121957902097842,-0.03779508018646738,0.0034244988345110416,-0.2154309018847329,-0.47718091227048687,1.0468038142264315,50.00000000000995,43,3.4883720930239503,0.008559123939407231,0.0002182283718784174,2.552337844280093,3.212881539540812,3.006284061312893,0.10802070099811,4.6511627906986,0.0,0.001934560321448604,True,ok,
